study_ref_id,efficacy_animal_model,efficacy_dosage_symbols,efficacy_dosage_value,efficacy_dosage_unit,efficacy_description,efficacy_image,adverse_reactions,created_at,updated_at
EF00102,"HT-29 tumor model was established by subcutaneous injection of 2 106 HT-29 tumor cells into right thighs (for radionuclide therapy studies) of nude mice. When the tumor volume reached ～100 mm3 (2-3 weeks for U87MG, and 1-2 weeks for HT-29 after inoculation), the U87MG and HT-29 tumor-bearing nude mice were used for radionuclide therapy studies.",=,18.5,MBq,90Y-DOTA-3PRGD2 administration exhibited a similar tumor inhibition effect as compared with 90Y-DOTA-RGD4 at the same dose,EFR00102,,,
EF00105,"HT-29 tumor model was established by subcutaneous injection of 2 106 HT-29 tumor cells into right thighs (for radionuclide therapy studies) of nude mice. When the tumor volume reached ～100 mm3 (2-3 weeks for U87MG, and 1-2 weeks for HT-29 after inoculation), the U87MG and HT-29 tumor-bearing nude mice were used for radionuclide therapy studies.",=,18.5,MBq,90Y-DOTA-3PRGD2 administration exhibited a similar tumor inhibition effect as compared with 90Y-DOTA-RGD4 at the same dose,EFR00105,,,
EF00114,BxPC-3 cells (5 3 106) were implanted subcutaneously into the left shoulder of 6- to 8-wk-old female nu/nu nude mice(Charles River Laboratories) and allowed to grow for 3 wk (imaging and biodistribution) or approximately 2 wk (therapy).,=,3.7–5.55 ,MBq,"Fractionated administration (2×37 MBq) prolongs median survival time, providing a new paradigm for the treatment of pancreatic cancer.",EFR00114,,,
EF00135,"4 week old female athymic nude mice (Da Shuo Biotechnology Co., Ltd., China) were injected subcutaneously with human glioma U87MG cells (5 × 106) in the left armpit. The mice were used for in vivo experiments when the diameter of tumors reached 5?8 mm (1?2 weeks after inoculation).",=,180,kBq,"The therapeutic experiments showed that the labeled compound exhibited considerable potential in cancer treatment, with good tumor growth suppression and significant survival prolongation compared with the control or free 211At groups.",EFR00135,,,
EF00136,"4 week old female athymic nude mice (Da Shuo Biotechnology Co., Ltd., China) were injected subcutaneously with human glioma U87MG cells (5 × 106) in the left armpit. The mice were used for in vivo experiments when the diameter of tumors reached 5?8 mm (1?2 weeks after inoculation).",=,370,kBq,"The therapeutic experiments showed that the labeled compound exhibited considerable potential in cancer treatment, with good tumor growth suppression and significant survival prolongation compared with the control or free 211At groups.",EFR00136,,,
EF00137,"4 week old female athymic nude mice (Da Shuo Biotechnology Co., Ltd., China) were injected subcutaneously with human glioma U87MG cells (5 × 106) in the left armpit. The mice were used for in vivo experiments when the diameter of tumors reached 5?8 mm (1?2 weeks after inoculation).",=,740,kBq,"The therapeutic experiments showed that the labeled compound exhibited considerable potential in cancer treatment, with good tumor growth suppression and significant survival prolongation compared with the control or free 211At groups.",EFR00137,,,
EF00206,5 – weeks ofage were subcutaneously xenografted in the left posterior upper leg with 5×106 U-87 MG cells in 0.1 mL ofnonsupplemented MEM or with 106 TS/A-pc cells in 0.1 mL of nonsupplemented RPMI 1640.,=,37,MBq,Significant tumour growth delay (TVDT: 6.3±1.8 days vs. 2.6±1.2 days in controls),EFR00201,,,
EF00207,5 – weeks ofage were subcutaneously xenografted in the left posterior upper leg with 5×106 U-87 MG cells in 0.1 mL ofnonsupplemented MEM or with 106 TS/A-pc cells in 0.1 mL of nonsupplemented RPMI 1640.,=,37,MBq,Significant tumour growth delay (TVDT: 4.8±0.7 days vs. 3.4±0.3 days in controls),EFR00202,,,
EF00234,"Female C57BL/6 mice (6 weeks of age) were purchased from Beijing Vital River Laboratory Animal Technology Co., Ltd. An MC38 tumor model was established via subcutaneous injection of MC38 cells (1.0 × 106) into the right front flank. When the tumor volume reached the size of 60~100 mm3, the mice were used for a targeted radionuclide therapy study. When the tumor volume reached 150~200 mm3, the mice were used for a biodistribution study and SPECT/CT imaging.",=,18.5,MBq,Complete tumor growth inhibition at single dose (Figure 5C),FER00229,,,
EF00235,"Female C57BL/6 mice (6 weeks of age) were purchased from Beijing Vital River Laboratory Animal Technology Co., Ltd. An MC38 tumor model was established via subcutaneous injection of MC38 cells (1.0 × 106) into the right front flank. When the tumor volume reached the size of 60~100 mm3, the mice were used for a targeted radionuclide therapy study. When the tumor volume reached 150~200 mm3, the mice were used for a biodistribution study and SPECT/CT imaging.",=,18.5,MBq,Partial tumor growth inhibition (Figure 5C),EFR00230,,,
EF00250,"To establish tumor-bearing mouse models, B16F10 cells were subcutaneously injected into the left flank of C57BL/6J and BALB/c nude mice (1 106 cells/mouse, 1 tumor/mouse). The growth of the tumor allografts was observed every two days.Tumor volume of at least 50 mm?",=,500,μCi,"[177Lu]QM2303 significantly inhibited tumor growth within 28 days, with tumor volume reduced compared to the saline group",EFR00250,,,
EF00264,Athymic nude mice bearing BxPC-3 tumors,=,18.5,"	MBq","Dose-dependent tumor growth inhibition,Mice treated with [177Lu]Lu-IBA-DOTA-(PEG28)2-A20FMDV2 showed tumor inhibition, and the relative tumor volume of the 27.8 MBq group was found to be lower than that observed in the 18.5 MBq group (p = 0.04). Both [ 177Lu]Lu-IBA-DOTA-(PEG28)2-A20FMDV2 treated groups showed effective tumor inhibition in comparison to control group (p < 0.01 and p < 0.001 for 18.5 Mbq and 27.8 MBq dose, respectively).",EFR00264,"Dose-dependent weight loss, nephrotoxicity (renal tubular epithelial degeneration and necrosis at 37 MBq dose)",,
EF00265,Athymic nude mice bearing BxPC-3 tumors,=,27.8,"	MBq","Dose-dependent tumor growth inhibition,Mice treated with [177Lu]Lu-IBA-DOTA-(PEG28)2-A20FMDV2 showed tumor inhibition, and the relative tumor volume of the 27.8 MBq group was found to be lower than that observed in the 18.5 MBq group (p = 0.04). Both [ 177Lu]Lu-IBA-DOTA-(PEG28)2-A20FMDV2 treated groups showed effective tumor inhibition in comparison to control group (p < 0.01 and p < 0.001 for 18.5 Mbq and 27.8 MBq dose, respectively).",EFR00265,"Dose-dependent weight loss, nephrotoxicity (renal tubular epithelial degeneration and necrosis at 37 MBq dose)",,
EF00266,Athymic nude mice bearing BxPC-3 tumors,=,37,"	MBq","Dose-dependent tumor growth inhibition,Mice treated with [177Lu]Lu-IBA-DOTA-(PEG28)2-A20FMDV2 showed tumor inhibition, and the relative tumor volume of the 27.8 MBq group was found to be lower than that observed in the 18.5 MBq group (p = 0.04). Both [ 177Lu]Lu-IBA-DOTA-(PEG28)2-A20FMDV2 treated groups showed effective tumor inhibition in comparison to control group (p < 0.01 and p < 0.001 for 18.5 Mbq and 27.8 MBq dose, respectively).",EFR00266,"Dose-dependent weight loss, nephrotoxicity (renal tubular epithelial degeneration and necrosis at 37 MBq dose)",,
EF00267,"	BALB/c nude mice with NSCLC-PDX",=,18.5,MBq,"In the PDXαvβ3+ model, 18.5 MBq of a single dose completely eliminated tumors",EFR00267,,,
EF00268,"	BALB/c nude mice with NSCLC-PDX",=,29.6,MBq,"in the PDXαvβ3- model, 29.6 MBq significantly delayed tumor growth",EFR00268,,,
EF00832,"SKOV-3 tumor bearing female BALB/c nu/nu mice, 5–6 weeks old",=,11.1,MBq,"At day 23 of treatment, the tumor volume fold increase (7.2-fold) was significantly lower than that of the saline control group (13.6-fold) and the single-dose group (9.9-fold), with no difference in body weight among the three groups of nude mice.",EFR00832,No obvious toxicity observed,,
EF00512,"Athymic CD1 nu/nu mice with subcutaneous ​​MDA-MB-231/H2N​​ (HER2mod/EGFRmod) or ​​TrR1​​ (HER2mod/EGFRmod, trastuzumab-resistant) xenografts", =,10,ug/MBq,"A single dose (11.1 MBq, 10 μg) significantly inhibited tumor growth in both trastuzumab-sensitive (MDA-MB-231/H2N) and -resistant (TrR1) xenografts over 49 days. ¹⁷⁷Lu was more effective than ¹¹¹In-labeled analog.",EFR00512,,,
EF00513,NOD/SCID mice with s.c. PANC-1 xenografts, =,10,MBq,TDT=51.8 days vs 15.6 days control,EFR00513,,,
EF00514,NRG mice with s.c. PANC-1 xenografts, =,10,MBq,TDT=20.9 days vs 9.1 days control,EFR00514,,,
EF00515,NOD/SCID mice with s.c. PANC-1 xenografts, =,10,MBq,TDT=28.1 days vs 15.6 days control,EFR00515,,,
EF00516,NRG mice with MDA-MB-231 tumors,=,22,MBq,Significantly delayed tumor growth and prolonged median survival,EFR00516,,,
EF00517,TE-8 xenograft in BALB/c nude mice,=,12.95,MBq,"Radioimmunotherapy significantly inhibited tumor growth (34.3% reduction vs baseline, P<0.01) and reduced metabolic activity (18F-FDG SUV decreased by 29.8%, P<0.05). Immunohistochemistry showed increased apoptosis (TUNEL+ cells: 12.1±2.2% vs 2.9±1.3% in controls) and decreased proliferation (Ki-67 index: 45.4±2.9 vs 79.2±3.7)",EFR00517,,,
EF00518,UM-SCC-22B tumor bearing nude mice,=,14.8,MBq,¹⁷⁷Lu-Pan maintained durable response (36-day complete suppression),EFR00518,,,
EF00519,Nude mice with advanced human bladder carcinoma,=,0.46-0.93,MBq,"Mean survival increased from 65.4d to 141.5d, 33% survival >268d",EFR00519,,,
EF00520,Female Swiss nu/nu mice with EJ28-luc bladder carcinoma,=,0.925,MBq,90% survival >300 d when treated 1h after cell instillation,EFR00520,,,
EF00521,HN5 xenografts in female nude mice,=,600,μg,"Longitudinal PET imaging with [18F]AlF-NOTA-ZEGFR:03115 successfully monitored cetuximab-induced EGFR downregulation in HN5 xenografts, demonstrating a significant reduction in tracer uptake",EFR00521,,,
EF00522,Female BALB/c nude mice bearing UM-SCC-22B tumors (~50 mm3), =,7.4,MBq,Single dose caused almost complete tumor regression (34.83±11.11 to 56.02±39.95 mm3 over 46 days),EFR00522,,,
EF00523,SNU-C2B xenografts,=,15,mg/kg,"Complete remission in 2/3 mice, sustained for 51 days",EFR00523,,,
EF00524,HT-29 orthotopic model,=,13,kBq,"Complete remission in 1/5 mice, prevented metastasis in 4/5",EFR00524,,,
EF00525,Athymic nude BALB/c mice with HT-29 xenografts,=,13,kBq,Complete remission in 3/7 DLD-1 and 1/7 HT-29 mice; median survival >90d vs 34d (control),EFR00525,,,
EF00526,4T1 TNBC bearing BALB/c mice, =,11,MBq,[177Lu]Lu-Abe(11.1 MBq) significantly suppressed tumor growth (815.66±3.58% vs 3646.52±11.10% in PBS group),EFR00526,,,
EF00611,BALB/c nude mice with A-427cells,=,​400​ or ​500,μCi​,"Mice given two intratumoral AdSSTr2 injections + four 400/500 μCi [90Y]-SMT 487 doses had median tumor quadrupling times of 40/44 days (Fig. 4B); log-rank test showed significant differences vs. controls (P ≤ 0.02, 16/25 days).",EFR00611,,,
EF00612,Balb c nu/nu animals with H69 xenografts,=,30,MBq,"Mice treated with 177Lu-DOTA-JR11 had tumor shrinkage within 45±7 days post-injection, followed by regrowth. Median survival: control (43.5 d), 177Lu-DOTA-octreate (61 d), 177Lu-DOTA-JR11 (71 d). Time to 2000 mm³: control (45±10 d), 177Lu-DOTA-JR11 (71±10 d). Tumor growth delay: 18±5 d (octreate) vs. 26±7 d (JR11).",EFR00612,,,
EF00653,Female severe combined immuno deficient (SCID) mice were orthotopically inoculated with BON-SSTR2 cells.,=,30,MBq,"All animals given 30 MBq ¹⁷⁷Lu-DOTA-JR11 died within 3 weeks after PRRT, indicating severe toxicity",EFR00653,"All animals given 30 MBq ¹⁷⁷Lu-DOTA-JR11 died within 3 weeks after PRRT, indicating severe toxicity. Significant weight loss occurred before death, and postmortem examination showed no internal bleeding, infection, or other obvious causes of death.",,
EF00613,BALB/c nude mice bearing A549 lung cancer xenografts,=,370 or 740,kBq,"TUNEL assay detected significantly more apoptotic cells in radioligand-treated groups, showing radiation dose-dependent apoptotic cell death.",EFR00613,,,
EF00614,BALB/c nude mice with C666-1 xenografts,=,"18.5​​, ​​29.6​",MBq,Highly potent.​​ ​​Dose-dependent tumor growth inhibition and regression.​​ 29.6 MBq group showed near-complete tumor regression by Day 30. Superior to DOTATATE at same dose.,EFR00614,"No significant toxicity observed.​​ Transient, mild weight loss, recovery by day 8. No histopathological changes in critical organs (heart, liver, lungs, kidneys, spleen, muscle).",,
EF00615,Balb c nu/nu animals with H69 xenografts,=,30,MBq,"Tumor regrowth was observed at 41±2 days post 177Lu-DOTA-octreate injection. Median survival: control (43.5 d), octreate (61 d). Time to 2000 mm³: control (45±10 d), octreate (64±14 d), JR11 (71±10 d). Tumor growth delay for octreate was 18±5 d.",EFR00615,,,
EF00618,Male 6–8-week-old BALB/c (nu/nu) nude mice bearing CA20948 cells,=,2~4,MBq,"Higher tumour uptakes were found in CA20948 tumour-bearing animals compared to those in H69 tumour-bearing mice with the highest tumour uptake of 19.6 ± 6.6 %IA/g in CA20948 tumour-bearing animals, while for H69 tumour-bearing mice, the highest tumour uptake was found to be 9.8 ± 2.4 %IA/g. ",EFR00618,No renal dysfunction was observed in 213Bi-DOTATATE-treated mice after the doses were applied.,,
EF00619,Male 6–8-week-old BALB/c (nu/nu) nude mice bearing H69 cells,=,2~4,MBq,"For H69 tumour-bearing mice, the highest tumour uptake was found to be 9.8 ± 2.4 %IA/g. Nevertheless, as the anti-tumour effect was more pronounced in H69 tumour-bearing mice, the survival rate was higher.",EFR00619,No renal dysfunction was observed in 213Bi-DOTATATE-treated mice after the doses were applied.,,
EF00620,MPC tumor-bearing mice,=,50,MBq,"Significant inhibition of tumor growth, 5-fold increase in progression-free survival vs controls. Equivalent efficacy to [¹⁷⁷Lu]Lu-DOTA-TATE.",EFR00620,"Mild, reversible leukopenia; mild increase in urinary albumin/creatinine ratio (ACR) indicating minor renal effect; well tolerated overall",,
EF00621,"male athymic nude mice (6 weeks, 20–23 g)",=,7.4,MBq,"HCT-116-SSTR2+ tumor was highly malignant and a single dose of 177Lu-OCT(naph) effectively retarded tumor growth. Notably, 177Lu OCT(naph) induced significantly better tumor inhibition than 177Lu DOTATATE at the same dose.",EFR00621,"Little body weight loss was observed for all groups throughout the treatment period, indicating good safety",,
EF00622,H69 xenograft mice,=,"46.3, 148",kBq,Animals treated with 225Ac-MACROPAATE  demonstrated a significant tumor growth delay and improvements in survival compared with control.,EFR00622,,,
EF00624,Eight- to 10-week-old athymic nude mice and NOD.Cg-Prkdcscid Il2rgtm1Wjl/SzJ mice with FTC133 cell(low SSTR2 expressing).,=,500,μCi,"Mice treated with 177Lu-DOTA-EB-TATE had significantly higher disease-specific survival than controls (P < 0.001), whereas low SSTR2-expressing FTC133 tumors did not respond to this treatment.",EFR00624,177Lu-DOTA-EB-TATE is well tolerated by the patients at low doses without causing any significant hematotoxicity or nephro toxicity,,
EF00625,Eight- to 10-week-old athymic nude mice and NOD.Cg-Prkdcscid Il2rgtm1Wjl/SzJ mice with e AR42J ( cell(high SSTR2 expressing),=,500,μCi,"AR42J tumors stabilized without further growth after the first 177Lu-DOTA-EB-TATE dose; a second dose 1 week later reduced tumor growth. In contrast, placebo-treated mice had progressive tumors and required euthanasia within 14 days.",EFR00625,177Lu-DOTA-EB-TATE is well tolerated by the patients at low doses without causing any significant hematotoxicity or nephro toxicity,,
EF00626,"Female athymic nude/nude mice (6-7 weeks, 20-23g) (Harlan) were inoculated on their right shoulder with 5×10^6 HCT116/SSTR2+,cells of either",=,"3.7,7.4",MBq,"90Y-EB-TATE showed dosage dependency in HCT116/SSTR2 tumors: 3.7 MBq induced ~2-week transient regression, 7.4 MBq near-complete regression.",EFR00626,Mild reversible weight loss; no hematologic or organ toxicity,,
EF00627,"Female athymic nude/nude mice (6-7 weeks, 20-23g) (Harlan) were inoculated on their right shoulder with 5×10^6 AR42J/SSTR2+,cells of either",=,"3.7,7.4",MBq,"In high-SSTR2 AR42J xenografts, 3.7/7.4 MBq 90Y-EB-TATE induced complete SSTR2+ tumor regression and full mouse survival; 7.4 MBq 90Y-TATE was fully effective (p < 0.001).",EFR00627,Mild reversible weight loss; no hematologic or organ toxicity,,
EF00628,A mouse model of liver metastases of pancreatic NETs was developed by intraportal injection of AR42J cells,=,"120 , 180 , 2 × 120, 240",kBq,"Compared with DOTATOC-treated mice, all [²²⁵Ac]Ac-DOTATOC-treated groups exhibited significantly longer overall survival: 53 days (240 kBq, p=0.0001), 58 days (2×120 kBq, p<0.0001), 43 days (180 kBq, p=0.015) and 43 days (120 kBq, p=0.0012)",EFR00628,"No significant body weight loss was observed in any group post-treatment. Complete blood count revealed no notable reduction in red blood cells or platelets following alpha-therapy. Anatomopathological analysis of the kidneys showed no severe lesions, with a semi-quantitative score of ≤3 per lesion.",,
EF00629,SCID mice-bearing human SSTR2 positive H727  lung NENs,=,144.3,kBq,Tumor volumes decreased significantly after treatment relative to saline controls (p < 0.001) prior to eventual regrowth. Saline control mice had significantly greater tumor volumes at the 25 d p.i. time point (p < 0.0001) compared to mice treated with [225Ac]Ac-DOTA-TATE,EFR00629,No pathology was noted in 55.5/111 kBq cohorts; ≥94.8 kBq actual injected activity caused weight loss (~100 days p.i.) and chronic progressive nephropathy at necropsy.,,
EF00630,SCID mice-bearing human SSTR2 positive  H69 lung NENs,=,148.7,kBq,Tumor volumes decreased significantly after treatment relative to saline controls (p < 0.001) prior to eventual regrowth. Saline control mice had significantly greater tumor volumes at the 25 d p.i. time point (p < 0.0001) compared to mice treated with [225Ac]Ac-DOTA-TATE,EFR00630,No pathology was noted in 55.5/111 kBq cohorts; ≥94.8 kBq actual injected activity caused weight loss (~100 days p.i.) and chronic progressive nephropathy at necropsy.,,
EF00631,Athymic nude mice with SCLC xenografts (NCI-H524),=,0.148,MBq,A single dose of RYZ101 treatment resulted in prolonged tumor regression in the NCI-H524 model,EFR00631,"No significant body weight changes or clinical signs of stress were observed at the efficacious single doses (3-4 μCi), indicating these doses were well-tolerated.",,
EF00632,Athymic nude mice with SCLC xenografts (NCI-H727),=,0.148,MBq,"Caused significant TGI in the NCI-H727 model (TGI 56.2%, P ¼ 0.0003) 20 days posttreatment",EFR00632,"No significant body weight changes or clinical signs of stress were observed at the efficacious single doses (3-4 μCi), indicating these doses were well-tolerated.",,
EF00633,Athymic nude mice with SCLC xenografts (NCI-H69),=,0.111,MBq,"Both single doses of RYZ101 at 3 mCi (0.111 MBq) and two cycles of SOC treatment resulted in significant TGI (119%, P ¼ 0.0005 for RYZ101; 69%, P ¼ 0.0287 for SOC) relative to vehicle-treated control.",EFR00633,"No significant body weight changes or clinical signs of stress were observed at the efficacious single doses (3-4 μCi), indicating these doses were well-tolerated.",,
EF00634,Athymic nude mice with SCLC xenografts (PDX TM00194),=,"(0.037,0.148",MBq,"When comparing the two therapies, a single dose of RYZ101 was significantly superior to two cycles of SOC treatment (P ¼ 0.0008, RYZ101 vs. SOC) in the PDX model.",EFR00634,"No significant body weight changes or clinical signs of stress were observed at the efficacious single doses (3-4 μCi), indicating these doses were well-tolerated.",,
EF00635,BALB/cAnN Rj-Nude  mice were inoculated subcutaneously with 5× 10^6  SSTR2-positive H69 cells (human small-cell lung carcinoma),=,23.4±1.5,kBq,,EFR00635,Potential nephrotoxicity & myelotoxicity.​​ Higher absorbed dose to kidneys and bone suggests potential for renal toxicity and hematological toxicity.,,
EF00754,Nude mice bearing established subcutaneous FAP-positive SK-Mel-187 melanoma tumors (≈150 mm³),=,8,MBq,"The tumor growth curves of nude mice in different treatment groups (PBS control group, ¹⁷⁷ Lu-A33 control group, ¹⁷⁷ Lu-vF19 group, ¹⁷⁷ Lu-ESC14 group, ¹⁷⁷ Lu-ESC11 group) were displayed, with the number of days after tumor implantation as the horizontal axis and tumor volume as the vertical axis. The results showed that compared with the PBS and ¹⁷⁷ Lu-A33 control groups, ¹⁷⁷ Lu-vF19 could delay the growth of established FAP positive SK-Mel-187 melanoma xenografts, but compared with ¹⁷⁷ Lu-ESC11 and ¹⁷ Lu-ESC14, its tumor growth retardation effect was weaker",EFR00754,,,
EF00755,4-5-week-old BALB/c nude mice (subcutaneous inoculation of U87MG cells into the right trunk to establish glioma transplantation model),=,5, MBq,"the tumor growth kinetics in U87MG xenograft mice across three treatment groups over a 15-day period. The ¹³¹I-FAPI-04 group demonstrated superior tumor growth suppression compared to both saline and Na¹³¹I control groups, with quantitative analysis revealing 66% and 55% reduction in tumor volume respectively at day 15, indicating potent FAP-targeted therapeutic efficacy.",EFR00755,,,
EF00783,female NU/NU mice or female NOD-SCID mice,=,22.2,MBq ,"The weight loss of mice after treatment was reversible and returned to normal within 1 week; blood routine and blood biochemical indicators showed a mild decrease in white blood cell and platelet counts (a common radiotherapy response, without severe myelosuppression).Only mild acute liver and kidney damage occurred in the high-dose group, which was recoverable subsequently without long-term organic lesions, and the safety met the requirements for clinical translation.Only mild acute liver and kidney damage occurred in the high-dose group, which was recoverable subsequently without long-term organic lesions, and the safety met the requirements for clinical translation.",EFR00783,,,
EF00822,"Inject HT-1080-FAP or HT-1080 cells (5 × 10 ^ 6) subcutaneously into the right or left abdomen of BALB/C-nu/nu mice (4-5 weeks old, weight 16-22g), respectively. The diameter of the tumor reaches 3-4 millimeters.",=,9.25、24.05,MBq,"In HT-1080-FAP tumor bearing mice, a single injection of high-dose [177 Lu] Lu LuFL (24.05 MBq) significantly inhibited tumor growth; Compared with [1?? Lu] Lu-FAPI-04, the [1?? Lu] Lu LuFL treatment group showed a more significant reduction in tumor volume (average relative tumor volume: 4.55 vs. 32.01)",EFR00822,No obvious toxicity,,
EF00823,"After packaging 5 × 10 ^ 6 cells (100 μ L suspension), they were subcutaneously injected into the lateral abdomen of female thymus free BALB/c AnNRj-Foxn1 mice or immunocompetent female BALB/c AnNRj mice. The average volume of solid tumors reaches 100-150 mm 3",=,5,MBq,"In immunodeficient mice (SK-RC-52 hFAP model), a single dose showed potent anti-tumor activity: low dose (5 MBq/mouse) significantly inhibited tumor growth (average tumor volume 96 mm 3 vs control group 453 mm 3), medium and high doses (15-30 MBq/mouse) achieved complete remission (CR) of 1/4 and 2/4, respectively. Combining L19-IL2 can still achieve potent tumor suppression",EFR00824,No obvious toxicity,,
EF00831,"Inject 100 μ L of tumor cell suspension (MC38 or CT26, 1 × 10 ^ 6 cells) subcutaneously into the right posterior side of C57BL/6 or BALB/c mice, with or without the optional addition of fibroblasts (NIH3T3-FAP, 2 × 10 ^ 6 cells).",=,18.5,MBq,"Using [177Lu] Lu-LNC1004 alone can significantly inhibit tumor growth, but complete remission cannot be achieved, and all mice ultimately die due to tumor progression. Combined immune checkpoint blockade (anti-PD-L1 antibody) resulted in complete remission (CR) in all mice (8/8), and rejection reactions were observed when re inoculated with similar tumor cells 3 months later, indicating the formation of long-term immune memory and a much longer survival period than the monotherapy group.",EFR00831,No obvious toxicity,,
EF00841,"Tumor cells (HT-1080) were injected into the right lumbar region (SK-RC-52.hFAP), left shoulder (HT-1080. hFAP), or right shoulder (HT-1080. wt) of female thymus free BALB/c AnNRj-Foxn1 mice (6-9 weeks old). The tumor grows to about 100-200 mm 3.",=,5,MBq,"The use of L19-IL2 or 177Lu BiOCoFAP alone has only achieved cancer cure in a few treated animals. In the combination therapy of 177Lu BiOCoFAP and L19-IL2, all injected mice showed complete remission (HT-1080. hFAP model 7/7 complete remission, SK-RC-52. hFAP model 4/4 complete remission)",EFR00841,No obvious toxicity,,
EF00847,Six week old male Fox Chase mice with severe combined immunodeficiency were subcutaneously injected with HEK mFAP cells.,=,15、30、60,MBq,"It exhibits significant anti-tumor activity, but its efficacy is weaker than that of 1?? Lu-PNT6555 and 1?? Lu-PNT69522",EFR00847,No obvious toxicity,,
EF00848,Six week old male Fox Chase mice with severe combined immunodeficiency were subcutaneously injected with HEK mFAP cells.,=,5、25、50,kBq,"225Ac-PNT6555 is equally effective at the optimal dose, producing a 80% survival rate.",EFR00848,No obvious toxicity,,
EF00849,Six week old male Fox Chase mice with severe combined immunodeficiency were subcutaneously injected with HEK mFAP cells.,=,15、30、60,MBq,"161Tb PNT6555 is equally effective at the optimal dose, producing a 100% survival rate.",EFR00849,No obvious toxicity,,
EF00854,Female CRL: n-FoxN1nu mice were subcutaneously injected with 2-3 × 10 ^ 6 U87-MG cells in the neck. The tumor grows to 100-250 mm 3.,=,20.43 ±0.48、5.14 ±0.14,kBq,"All treated mice showed delayed tumor growth; The median survival time of high-dose [225Ac] Ac-DOTA-4AH29 treatment is 63 days, while the median survival time of low-dose treatment is 42 days",EFR00854,No obvious toxicity,,
EF00855,"BALB/c nude mice (GemPharmatech, 5-6 weeks old) were subcutaneously inoculated with U87MG-FAP cells (5 × 10 cells/mouse) on the right trunk, and the tumor diameter reached 5-10 millimeters.",=,14.8,MBq,"The tumor growth of mice treated with 77Lu FAPI Tz was significantly inhibited, and on the 12th day, the tumor volume decreased by about 59% compared to the saline group. The median survival time of the treatment group was 18 days, which was significantly prolonged compared to the saline group (12 days).",EFR00855,No obvious toxicity,,
EF01003,BALB/c nude mice with T3M-4 xenograft,=,11.1,"	MBq",High-dose group showed strongest tumor suppression (94.24±14.62% of initial volume at 14 days),EFR01003,"Myelosuppression (WBC, RBC, PLT, HGB decreased within 4 days, recovered by 14 days)",,
EF01004,BALB/c nude mice with T3M-4 xenograft,=,3.7,"	MBq",172.89 ± 30.03%standardized volume at 14 d,EFR01004,,,
EF01005,JIMT-1 orthotopic breast tumor model,=,3.5,"	MBq","Significant tumor growth suppression, survival benefit",EFR01005,No significant body weight loss >20%,,
EF01006,Athymic nude mice bearing UMUC3 or HT-1376 xenografts,=,400,μCi,Significant tumor growth suppression in UMUC3 and HT-1376 models; complete responses in 44% of UMUC3-treated mice,EFR01006,No significant weight loss or toxicity observed,,
EF01007,BALB/c nude mice with PC3 xenografts,=,41,"	MBq/cycle",Significant tumor growth inhibition and increased survival,EFR01007,Hematologic toxicity (leukopenia),,
EF01008,mice bearing MDA-MB-231  xenograft tumors,=,11.1,MBq,Significant tumor growth suppression in high-dose group ,EFR01008,,,
EF01009,mice bearing MDA-MB-231  xenograft tumors,=,18.5,MBq,Significant tumor growth suppression in high-dose group ,EFR01009,,,
EF01010,BALB/c nude mice with s.c. PC3 xenograft,=,2.5 nmol/11.1 MBq,,"Significant improvement in median survival (90 vs. 67 days, p<0.0001)",EFR01010,,,
EF01011,NMRI nude mice with HT-29 xenografts,=,First administration:18.4±3.1  Second administration:28.3±2.2 ,MBq,"Significant reduction in tumor growth rate at days 6 and 8, and significant reduction in uPAR+ tumor cell content at day 14.",EFR01011,,,
EF01013,Female nude BALB/c nu/nu mice with intraperitoneal SK-RC-52 tumors,=,13,MBq,Significantly prolonged median survival (139 days) vs controls (49–53 days),EFR01013,Mild transient weight loss (<15%),,
EF01082,B16 F10 melanoma-bearing C57BL/6 mice,=,0.5,MBq,"Significant tumor growth inhibition, prolonged survival (median 24 days vs 8 days control), increased tumor cell apoptosis",EFR01082,"Minimal systemic toxicity, no significant organ damage, stable body weight and hematological parameters",,
EF01083,"U87MG, MC38, CT26 tumor models",=,9、18,MBq,"Dose-dependent tumor growth suppression, complete regression in MC38 model",EFR01083,"Well tolerated, no significant side effects",,
EF01084,MDA-MB-231 and MC38 tumor models,=,10,μg,High tumor uptake with reduced peripheral toxicity,EFR01084,,,
EF01085,PANC-1 xenografts in NRG mice,=,6,MBq,Significant tumor growth inhibition,EFR01085,,,
EF01086,CT26 tumor-bearing BALB/c mice,=,1.12,MBq,Predictive value for anti-PD-L1 therapy response,EFR01086,,,
EF01267,Nude mice bearing LNCaP human prostate tumors,=,80,kBq,Showed gradual increase in tumor uptake over time (17.7% ± 3.1% ID/g at day 6) with high tumor-to-blood ratios (6.78 at day 6); preferential accumulation in viable tumor regions with intracellular retention of radioactivity,EFR01267,,,
EF01268,Nude mice bearing LNCaP human prostate tumors,=,80,kBq,"Demonstrated strong tumor accumulation (17.4% ± 3.5% ID/g at day 6) with the fastest blood clearance, resulting in high tumor-to-blood ratios (6.07 at day 6); preferentially targeted viable tumor regions with intracellular retention",EFR01268,,,
EF01269,Nude mice bearing LNCaP human prostate tumors,=,80,kBq,Showed tumor uptake (18.7% ± 2.2% ID/g at day 6) but localized predominantly in necrotic tumor areas; slower blood clearance resulted in lower tumor-to-blood ratios compared to J415 and J591,EFR01269,,,
EF01274,"Male 8-week-old athymic nude mice, BALB/c (nu/nu)",=,50、100,μCi,A single intralesional injection of ²¹³Bi-cDTPA-J591 (50–100 μCi) completely inhibited tumor growth or induced regression of established PSMA-expressing LN3 prostate cancer xenografts in nude mice by inducing apoptosis and suppressing proliferation.,EFR01274,,,
EF01275,Athymic mice  bearing LNCaP xenografts,=,7.5,µCi,"This preclinical study evaluated targeting efficacy, not therapeutic outcome. High tumor uptake and increasing tumor-to-blood ratios demonstrated specific and prolonged retention of the radiotracer in PSMA-expressing tumors, supporting its potential for diagnostic imaging or as a targeting vector for future radioimmunotherapy.",EFR01275,,,
EF01276,Athymic mice  bearing 22Rv1 xenografts,=,7.5,µCi,"This preclinical study evaluated targeting efficacy, not therapeutic outcome. High tumor uptake and increasing tumor-to-blood ratios demonstrated specific and prolonged retention of the radiotracer in PSMA-expressing tumors, supporting its potential for diagnostic imaging or as a targeting vector for future radioimmunotherapy.",EFR01276,,,
EF01277,Athymic mice  bearing DU145 xenografts,=,7.5,µCi,"This preclinical study evaluated targeting efficacy, not therapeutic outcome. High tumor uptake and increasing tumor-to-blood ratios demonstrated specific and prolonged retention of the radiotracer in PSMA-expressing tumors, supporting its potential for diagnostic imaging or as a targeting vector for future radioimmunotherapy.",EFR01277,,,
EF01279,Inoculation of Mice with LNCaP Xenografts,=,9.3–11,MBq,"⁹⁹mTc-MIP1404 is a promising PSMA ligand for diagnostic imaging and potential therapy when labeled with therapeutic radionuclides like ¹⁸⁶Re/¹⁸⁸Re. It exhibits rapid tumor targeting, fast clearance from non-target tissues, and sufficient tumor retention due to internalization. PMPA co-administration selectively reduces kidney uptake without compromising tumor accumulation, indicating an improved therapeutic window.",EFR01279,,,
EF01280,LNCaP tumor-bearing C.B-17 SCID mice,=,1,kBq,"Tumor growth inhibition, no body weight loss",EFR01280,,,
EF01281,NRG mice with LNCaP xenografts,=,8,MBq,"High tumor uptake up to 24 h p.i., specific binding confirmed by blocking study",EFR01281,,,
EF01282,NCr nude mice​​ (male) bearing subcutaneous xenografts of ​​PSMA-positive PC3-PIP​​ cells.,=,29 ± 0.37 ,MBq ,"¹⁷⁷Lu]Lu-CTT1401 showed minimal tumor growth inhibition, and all mice in the control and CTT1401 groups reached the endpoint (tumor size >1.5cm) within 8 weeks.",EFR01282,,,
EF01283,NCr nude mice​​ (male) bearing subcutaneous xenografts of ​​PSMA-positive PC3-PIP​​ cells.,=,29 ± 0.37 ,MBq ,"A single dose of [¹⁷⁷Lu]Lu-CTT1403 significantly suppressed tumor growth for over 14 weeks, with 90% of mice surviving beyond 120 days. In contrast",EFR01283,,,
EF01284,Flank Xenograft:​​ Athymic mice with subcutaneous ​​PSMA+ PC3 PIP​​ and ​​PSMA- PC3 flu​​ tumors.,=,​ 740,kBq,"A single dose of [[²¹¹At]At]6 resulted in significant tumor growth delay in PSMA+ flank xenografts and a dose-dependent, significant improvement in survival in a PSMA+ micrometastatic model, demonstrating its potent and specific anti-tumor efficacy",EFR01284,,,
EF01285,Female athymic Balb/c nude mice​​ bearing subcutaneous ​​PC-3 PIP (PSMA+)​​ tumors only.,=,2, MBq​​ ,"This group showed the ​​most potent anti-tumor effect​​. Tumor growth was effectively inhibited, and ​​complete tumor remission was observed in 4 out of 6 mice​​ with no regrowth until the end of the study (Day 84).",EFR01285,,,
EF01286,Female athymic Balb/c nude mice​​ bearing subcutaneous ​​PC-3 PIP (PSMA+)​​ tumors only.,=,2, MBq​​ ,"This group showed the ​​most potent anti-tumor effect​​. Tumor growth was effectively inhibited, and ​​complete tumor remission was observed in 4 out of 6 mice​​ with no regrowth until the end of the study (Day 84).",EFR01286,,,
EF01287,Athymic nude mice (BALB/c nude mice) inoculated with PC-3 PIP tumor cells in the right shoulder,=,5、10,MBq,median survival time of 36 days (19 days in control group); ,EFR01287,,,
EF01289,LNCaP tumor-bearing mice,=,5、10,kBq,Superior antitumor effect compared to [²²⁵Ac]Ac-PSMA-617 and [²²⁵Ac]Ac-PDI4,EFR01289,,,
EF01290,LNCaP tumor-bearing mice,=,5,kBq,Antitumor effect lower than [²²⁵Ac]Ac-PDI2,EFR01290,,,
EF01291,LNCaP tumor-bearing mice,=,0、18.5、37、74,MBq/mouse,Dose-dependent tumor growth inhibition,EFR01291,,,
EF01292,BALB/c-nu mice with PC3-PIP tumors,=,144 ± 9,MBq,"Significant increase in median survival (23 days vs. 11 days in controls, p=0.0014), one complete response",EFR01292,,,
EF01293,PC-3 PIP tumor-bearing nude mice,=,5,MBq,"All mice survived until study end, tumor growth inhibition",EFR01293,,,
EF01294,PC-3 PIP tumor-bearing nude mice,=,5,MBq,5/6 mice survived until study end,EFR01294,,,
EF01295,PC-3 PIP tumor-bearing nude mice,=,5,MBq,3/6 mice survived until study end,EFR01295,,,
EF01296,PC-3 PIP tumor-bearing nude mice,=,5,MBq,0/6 mice survived until study end,EFR01296,,,
EF01504,NCG mice with PSMA positive LNCaP tumors with an average tumor volume of 200 mm 3,=,5.55,MBq,"Significant tumor suppressive effect: A single injection of [1?? Lu] Lu PSMA MAL-5 showed the strongest tumor suppressive effect, significantly better than [1? Lu] Lu PSMA MAL-617 and [1?? Lu] Lu PSMA MAL-1. Reduce the tumor volume from 198.7 ± 29.2 mm 3 to 124.5 ± 52.0 mm 3",EFR01504,No obvious toxicity,,
EF01524,The average tumor volume of BALB/c nude mice carrying subcutaneous PSMA positive PC3-PIP tumors was 250 ± 50mm 3,=,7.4,MBq,"In the 37 MBq and 18.5 MBq treatment groups, all radioligands showed significant tumor growth inhibition, reducing tumor volume to approximately 50 mm 3 or less 60 days after treatment. On the contrary, the tumor suppressive effect of the 7.4 MBq treatment group was weakened. Although all radioactive ligands were initially able to inhibit tumors in the PC3-PIP model, tumor volume ultimately increased, except for [177Lu] Lu BWD.",EFR01524,The high-dose group showed significant weight loss,,
EF01527,The average tumor volume of BALB/c nude mice carrying subcutaneous PSMA positive PC3-PIP tumors was 250 ± 50mm 3,=,7.4,MBq,"In the 37 MBq and 18.5 MBq treatment groups, all radioligands showed significant tumor growth inhibition, reducing tumor volume to approximately 50 mm 3 or less 60 days after treatment. On the contrary, the tumor suppressive effect of the 7.4 MBq treatment group was weakened. Although all radioactive ligands were initially able to inhibit tumors in the PC3-PIP model, tumor volume ultimately increased, except for [177Lu] Lu BWD.The 7.4 MBq treatment group demonstrated the most effective therapeutic effect by continuously inhibiting tumors throughout the entire treatment period.",EFR01527,The high-dose group showed significant weight loss,,
EF01528,The average tumor volume of BALB/c nude mice carrying subcutaneous PSMA positive PC3-PIP tumors was 250 ± 50mm 3,=,7.4,MBq,"In the 37 MBq and 18.5 MBq treatment groups, all radioligands showed significant tumor growth inhibition, reducing tumor volume to approximately 50 mm 3 or less 60 days after treatment. On the contrary, the tumor suppressive effect of the 7.4 MBq treatment group was weakened. Although all radioactive ligands were initially able to inhibit tumors in the PC3-PIP model, tumor volume ultimately increased, except for [177Lu] Lu BWD.",EFR01528,The high-dose group showed significant weight loss,,
EF01529,The average tumor volume of BALB/c nude mice carrying subcutaneous PSMA positive PC3-PIP tumors was 250 ± 50mm 3,=,7.4,MBq,"In the 37 MBq and 18.5 MBq treatment groups, all radioligands showed significant tumor growth inhibition, reducing tumor volume to approximately 50 mm 3 or less 60 days after treatment. On the contrary, the tumor suppressive effect of the 7.4 MBq treatment group was weakened. Although all radioactive ligands were initially able to inhibit tumors in the PC3-PIP model, tumor volume ultimately increased, except for [177Lu] Lu BWD.",EFR01529,The high-dose group showed significant weight loss,,
EF01531,"1 × 10 ^ 7 LNCaP cells and 2 × 10 ^ 6 PC-3 cells were implanted into the front legs of BALB/c nude mice. When used to evaluate treatment efficacy, tumor volumes are approximately between 200 to 600 mm ^ 3 and 150 to 450 mm ^ 3, respectively",=,18.5,MBq,"The tumors of mice receiving 177Lu-PSMA-NARI-56 were significantly inhibited throughout the entire study period. On the 58th day, the tumor suppression rate (% TGI) of 177Lu-PSMA-NARI-56 was recorded as 98%.",EFR01531,No obvious toxicity,,
EF01499,"Male nude mice (Foxn1/nu/Foxn1/nu, Jackson Laboratory) carrying approximately 100 mm 3 of PC3pip tumor subcutaneously",=,111,MBq,"[177Lu] Lu-PSMA-1-DOTA can inhibit tumor growth for up to 24 days, similar to [177Lu] Lu-PSMA-617 as a positive control for RLT.",EFR01499,No obvious toxicity,,
EF01533,The tumor volume of PC3-PIP BALB/c nude mice reached approximately 100mm 3,=,0.1、0.5、1,μCi,"Single administration of 1 μ Ci and 0.5 μ Ci [225Ac] Ac-LNC1011 can completely inhibit the growth of PC3-PIP tumors, and its effect is similar to that of 0.5 μ Ci [225Ac] Ac-PSMA-617. At a dose level of 0.1 μ Ci, [225Ac] Ac-LNC1011 showed partial remission as tumor recurrence was observed 20 days after administration.",EFR01533,No obvious toxicity,,
EF01534,Male athymic nude mice bearing disseminated PC-3 PIP-luc tumors,=,0.24、0.5、1,MBq,"The median survival time of [212Pb] Pb-AB001 can reach 47 days, while the control group is 25 days, and [177Lu] Lu-PSMA-617 is 27 days. It was observed that [177Lu] Lu-PSMA-617 showed a dose-dependent reduction in bone metastasis, while no bone lesions were detected in mice treated with [212Pb] Pb-AB001.",EFR01534,No obvious toxicity,,
EF01535,Athymic nude mice bearing PC3 PIP tumors,=,37、111,MBq,"Treatment with [134Ce] Ce-PSMA-617 in mice with tumor burden showed a significant increase in median survival compared to control animals (33 days in saline; 37 MBq for 50 days; 111 MBq for 80 days, at the end of the experiment.",EFR01535,No obvious toxicity,,
EF01541,"Mix a suspension of RM1-PSMA cells (4.5 × 10 ^ 6 cells) with RM1 cells (5 × 10 ^ 5 cells) in a 1:1 ratio, and subcutaneously inject 100 μ L PBS and Matrigel into the shoulder area of C57BL/6 mice (5-6 weeks old, 20-22 grams). The tumor reaches 500 mm 3",=,1.85、5.55,kBq,"A single injection of 225Ac-S1R/PSMA-P can effectively shrink large LNCaP FGC tumors at doses of 1.85 or 5.5 kBq, and completely eliminate highly malignant RM1-PSMA/RM1 mouse tumors at a dose of 33.3 kBq. 225Ac-S1R/PSMA-P can enhance immune checkpoint inhibition therapy for RM1-PSMA/RM1 tumors in mice under low-dose 3.7 kBq conditions, resulting in complete disappearance of tumors in 5 out of 7 mice and exhibiting persistent anti-tumor immune memory",EFR01541,No obvious toxicity,,
EF01600,Nude mice with MCF7/HER2/neu xenografts,=,50,μCi,2–2.7-fold tumor growth inhibition vs control,EFR01600,Some deaths in control 90Y-Leu16 group due to higher circulating radioactivity,,
EF01601,Nude mice with MCF7/HER2/neu xenografts,=,100,μCi,2–2.7-fold tumor growth inhibition vs control,EFR01601,Some deaths in control 90Y-Leu16 group due to higher circulating radioactivity,,
EF01602,Athymic mice with LS-174T i.p. xenograft (3-day burden),=,250,μCi,2–2.7-fold tumor growth inhibition vs control,EFR01602,,,
EF01603,Athymic mice with LS-174T i.p. xenograft (3-day burden),=,500,μCi,2–2.7-fold tumor growth inhibition vs control,EFR01603,,,
EF01604,Athymic mice with LS-174T i.p. xenograft (5-day burden),=,250,μCi,Median survival increased from 20.5 days (mock) to 43 days (P=0.009),EFR01604,,,
EF01605,Athymic mice with LS-174T i.p. xenograft (5-day burden),=,500,μCi,Median survival increased from 20.5 days (mock) to 43 days (P=0.009),EFR01605,,,
EF01606,Athymic mice with LS-174T i.p. xenograft (5-day burden),=,750,μCi,Median survival increased from 20.5 days (mock) to 43 days (P=0.009),EFR01606,,,
EF01607,Athymic mice with LS-174T i.p. xenografts (5-day burden),=,7,μCi,Median survival extended from 19 to 56 days,EFR01607,,,
EF01608,Athymic mice with LS-174T i.p. xenografts (5-day burden),=,13,μCi,Median survival extended from 19 to 56 days,EFR01608,"weight loss (evident in the 40 μCi group), suggesting radiation toxicity; MTD of about 40 μCi",,
EF01609,Athymic mice with LS-174T i.p. xenografts (5-day burden),=,20,μCi,Median survival extended from 19 to 56 days,EFR01609,,,
EF01610,Balb/c nu/nu mice with SKOV-3 xenografts,=,20,MBq,"Prolonged survival with single agent (median survival 77 days vs. 33 days in control) and further improved efficacy in combination with trastuzumab (8/9 mice survived to 90 days, 2 with complete tumor regression)",EFR01610,"No significant liver or kidney toxicity, individual animal deaths due to bacterial infection were not related to treatment",,
EF01611,SKOV-3 xenograft in Balb/c nude mice,=,0.74,MBq,"	Significantly inhibited tumor growth with bioluminescence signal reduced to 57%",EFR01611,No toxicity reported,,
EF01612,OVCAR3 xenograft in Balb/c nude mice,=,0.74,MBq,"	Significantly inhibited tumor growth with bioluminescence signal reduced to 57%",EFR01612,No toxicity reported,,
EF01613,Female athymic BALB/c nude mice  bearing HCC1954 and JIMT-1 ,=,15,kBq," HCC1954 tumors: 8/8 complete remission; JIMT-1 tumors: 1/8 complete remission, significant inhibition of tumor growth",EFR01613,"Hematologic and biochemical indices were essentially normal after single and repeated administration, and histopathology did not show significant toxicity ",,
EF01614,SKOV3-luc PC nude mouse model,=,37,kBq,1 cycle: 8/10 long-term survival; 2 cycles: 9/10 long-term survival; significant prolongation of survival and cure of most animal pathologies,EFR01614,Mild tubular degeneration (without clinical symptoms) with normal hematological and biochemical parameters,,
EF01615,BALB/c nu/nu mice with OE19 xenografts,=,1,MBq,"SA-protected 211At-anti-HER2 mAb showed dose-dependent tumor growth inhibition; at 1 MBq, best response = -28.58 ± 21.08% (tumor regression); at 0.5 and 0.2 MBq, significant tumor growth delay compared to denatured mAb",EFR01615,Transient body weight loss observed at 1 MBq; no significant toxicity at lower doses,,
EF01616,BALB/c nu/nu mice with OE19 xenografts,=,0.5,MBq,"SA-protected 211At-anti-HER2 mAb showed dose-dependent tumor growth inhibition; at 1 MBq, best response = -28.58 ± 21.08% (tumor regression); at 0.5 and 0.2 MBq, significant tumor growth delay compared to denatured mAb",EFR01616,,,
EF01617,BALB/c nu/nu mice with OE19 xenografts,=,0.2,MBq,"SA-protected 211At-anti-HER2 mAb showed dose-dependent tumor growth inhibition; at 1 MBq, best response = -28.58 ± 21.08% (tumor regression); at 0.5 and 0.2 MBq, significant tumor growth delay compared to denatured mAb",EFR01617,,,
EF01663,Six-week-old athymic nu/nu female mice (Charles River),=,3.15±0.24,MBq,"N-acetylcysteine can restore HER2 accessibility by reducing MUC4 expression, reverse MUC4-mediated trastuzumab resistance, and enhance the antitumor efficacy in a nude mouse model of HER2-positive breast cancer.",EFR01663,,,
EF01664,Crl/NU(NCr)-Foxn1nu mice,=,1 and 2,MBq,"The three-dose regimen of 1 MBq per dose not only significantly prolongs the survival of HER2-positive metastatic ovarian cancer models through targeted alpha therapy (core efficacy) but also maintains good body weight stability (low toxicity), making it the optimal monotherapy regimen. A higher dose (2 MBq per dose) did not improve efficacy; instead, it caused weight loss and no improvement in survival due to renal toxicity, suggesting a narrow therapeutic window for the drug. Strict dose control is therefore required to balance efficacy and safety.",EFR01664,,,
EF01665,Crl/NU(NCr)-Foxn1nu mice,=,0.5 or 1,MBq,"The combination of 213-Bi-DTPA-2Rs15d trastuzumab is the optimal regimen. It not only extends the median survival to more than 140 days but also almost completely eliminates tumor burden with good safety. The low-dose monotherapy (0.5 MBq per dose) is also effective, increasing the survival time by 51% compared with the control group, and is suitable for scenarios where combination therapy is intolerable or dose reduction is required.",EFR01665,,,
EF01666,HER2-expressing SKOV3 ovarian cancer xenograft mice,=,3.7,MBq,"This study compared the efficacy of the chelators CHX-A″-DTPA and H4octapa when conjugated to the therapeutic radiometal ⁹⁰Y. When both chelators were coupled with trastuzumab, high radiochemical yields were achieved within 15 minutes at room temperature. They exhibited excellent in vitro and in vivo stability, high immunoreactivity, and strong tumor uptake in mice bearing SKOV3 ovarian cancer xenografts. After 36 days of treatment, the two conjugates showed comparable tumor growth inhibition effects, making both suitable for ⁹⁰Y-related radioimmunotherapy applications.",EFR01666,,,
EF01667,HER2-expressing SKOV3 ovarian cancer xenograft mice,=,3.7,MBq,"This study compared the efficacy of the chelators CHX-A″-DTPA and H4octapa when conjugated to the therapeutic radiometal ⁹⁰Y. When both chelators were coupled with trastuzumab, high radiochemical yields were achieved within 15 minutes at room temperature. They exhibited excellent in vitro and in vivo stability, high immunoreactivity, and strong tumor uptake in mice bearing SKOV3 ovarian cancer xenografts. After 36 days of treatment, the two conjugates showed comparable tumor growth inhibition effects, making both suitable for ⁹⁰Y-related radioimmunotherapy applications.",EFR01667,,,
EF01740,"Subcutaneous (s.c.) HER2+ SKOV-3 tumor-bearing mice, pretreated with T-gly-HP9 48 h prior",=,27,MBq ,"Our find ings demonstrated that [177Lu]-HP16, relative to control, significantly decreased tumor growth and delayed progression to death (Median survival = 58 vs. 24 days)",EFR01740,pretargeted [177Lu]-HP16 induced a transient bone marrow suppression compared to controls,,
EF01741,BT-474 tumor xenograftshad reached an average size of 66 ­mm3,=,16.8,MBq,"78% TGI, 6/8 CR",EFR01741,"Weight stabilized, no apparent toxicity",,
EF01742, JIMT-1 tumor xenografts had reached an average size of 66 ­mm3,=,16.8,MBq,"90% TGI, 2/9 CR",EFR01742,"Weight stabilized, no apparent toxicity",,
EF01743,female Swiss nude mice  （6−9 weeks）,=,10,MBq,"At 29 days postadministration,tumor growth inhibition with an optimal value of 67%, median survival time of 60 days",EFR01743,without toxicity or adverse health effects.,,
EF01744,female Swiss nude mice  （6−9 weeks）,=,20,MBq,"At 29 days postadministration, tumor growth inhibition with optimal value of 81%, median survival time of 74 days",EFR01744,"Mild ALT elevation (20 MBq group), temporary weight loss <5%, self-resolving",,
EF01745,Nude mice with SKOV3-luc peritoneal carcinomatosis,=,37, kBq/cycle （ 1 or 2 cycles）,"Significantly prolonged survival with both 1 and 2 cycles of treatment (>154 days vs 112 days in control), 85% long-term survival",EFR01745,"Minor renal tubular degeneration (no functional abnormalities), no bone marrow, hepatic or gastrointestinal toxicity",,
EF01746,mice bearing human HER2(+) breast cancer xenografts,=,250μCi(Tz-TCO-[89Zr-DFO])+600μCi(HSA-DM1-Tt-[99mTc-HyNic]),μCi,Relative tumor volume was reduced to 8% of the initial volume during the 26-day observation period,EFR01746,No systemic toxicity observed; normal blood chemistry and H&E,,
EF01747,female athymic nude mice(6–8 weeks)bearing SW1222 xenografts,=,37,kBq,The treatment effect is not significant,EFR01747,No chronic nephrotoxicity; transient weight loss <10%; no hematologic toxicity,,
EF01748,female athymic nude mice(6–8 weeks)bearing SW1222 xenografts,=,37+37,kBq,Two-cycle treatment had the longest median survival and half of the mice survived long term,EFR01748,No chronic nephrotoxicity; transient weight loss <10%; no hematologic toxicity,,
EF01749,female athymic nude mice(6–8 weeks)bearing SW1222 xenografts,=,74,kBq,The highest percentage of “complete histologic cure” (3/3 survivors) was achieved with a single high-dose treatment.,EFR01749,No chronic nephrotoxicity; transient weight loss <10%; no hematologic toxicity,,
EF01750,"BALB/c nu/nu, PC-3",=,60,MBq,"Significant tumor growth inhibition, prolonged survival",EFR01750,None observed,,
EF01751,BALB/C nu/nu mice with SKOV-3 xenografts,=,16,MBq,Median survival 68 days vs 27.5–29 days in controls,EFR01751,No toxicity observed in kidneys or liver,,
EF01752,NCI-N87 bearing mice,=,10.6,MBq,Tumor volume reduced 37.5%,EFR01752,,,
EF01753,NCI-N87 bearing mice,=,10.6,MBq,Tumor volume reduced 57.9%,EFR01753,,,
EF01755,BT474 xenograft model,=,10,mg/kg,>90% reduction in tumor volume over 20 days,EFR01755,,,
EF01756,BT474 xenograft model,=,2.5,mg/kg,50% reduction in tumor volume over 20 days,EFR01756,,,
EF01758,Athymic nude mice with intracranial SKOV-3-Luc-IP1 or MDA-MB-231Br tumors,=,"81.67 (231Br), 85.33 (SKOV-3-Luc-IP1) (per dose, weekly x3)",kBq,SKOV-3-Luc-IP1: Significantly increased median survival (23 days) vs control (17 days). Combination with trastuzumab further improved survival (29.5 days). MDA-MB-231Br: Significantly increased median survival (34 days) vs control (22 days) and trastuzumab (24.5 days).,EFR01758,No significant mortality or toxicity during treatment. Mild diffuse tubular dilation in kidneys observed histologically.,,
EF01760,Nude mice with SKOV-3 or SKBR-3 xenografts,=,1000 (single) or 4×250 (fractionated),kBq/kg,Tumor growth delay and prolonged survival in both single and fractionated groups.,EFR01760,"Transient reduction in white blood cells in single and 4-5 days interval groups. No significant changes in RBC, platelets, or clinical chemistry.",,
EF02011,athymic nude mice bearing subcutaneous PC-3 tumors,=,"144(For treatment, mice were dosed intravenously with three injections of 24 MBq [67Cu]Cu-SAR-BBN on days 0, 2, and 4, followed by a drug-free week before the injections of 24 MBq on days 14, 16, and 18. The total activity injected corresponded to 144 MBq.)",MBq,93.3% tumor growth inhibition on day 19; median survival >54 days vs. 34.5 days (control),EFR02011,No obvious toxicity,,
EF02024,Subcutaneous implantation of 1 × 10 ^ 6 PC-3 cells in the right lumbar region of mice,=,1*1665 kBq（n=15）、3*555 kBq（=15）、4*370 kBq（t=15）,kBq,"The median survival time of the control group (receiving only buffer solution) was 9 weeks, while the median survival time of the experimental group receiving 4 injections of 370 kBq every 3 weeks was 19 weeks.",EFR02024,No obvious toxicity,,
EF02006,Male Balb c nu/nu mice aged six to eight weeks were subcutaneously inoculated with 4 × 10 ^ 6 PC-3 cells on the right side,=,"40 MBq/400 pmol
80 MBq/800 pmol
120 MBq/1200 pmol"," MBq/400 pmol
 MBq/800 pmol
 MBq/1200 pmol",The median survival time was significantly improved (p < 0.0001) in the treatment group compared to the control group (82 vs 19 days). ,EFR02006,No obvious toxicity,,
EF02156,Mice were subcutaneously injected with PC-3 cell suspension in their right shoulder,=,50,kBq,The radioactive nuclide treatment of 177Lu-JMV4168 resulted in a significant reduction in the volume of PC-3 tumors and an increase in median survival from 35 days to 79 days,EFR02156,No obvious toxicity,,
EF02157,"Six week old male SCID mice were subcutaneously inoculated with GIST-882 cells in the left lumbar region, resulting in a tumor volume of approximately 100 mm 3",=,37,MBq,"The tumor volume of both treatment groups significantly decreased (p<0.01), and even achieved complete tumor regression at a dose of 400 pmol",EFR02157,No obvious toxicity,,
EF02213,"Breast tumor cells (MDA-MB-231 cells, 1x10^6 cells suspended in PBS) were subcutaneously injected into the upper back of 16 female athymic mice (5-6 weeks old)",=,3,MBq,"The tumor volume in the 177Lu-BN-PLGA(PTX) group was the smallest (0.136±0.04 cm3), significantly lower than that in the control group (1.83±0.54 cm3).",EFR02213,No obvious toxicity,,
EF02233,PC-3 xenograft mice with a tumor volume of 129.65 ± 28.53 mm3,=,27.75（The cumulative dose from two injections is 55.5 MBq）,MBq,"On the 31st day of treatment, the tumor volume in the treatment group decreased to 39% of that in the control group",EFR02233,No obvious toxicity,,
EF02256,nude mice bearing DMS273,=,111,kBq/g,"The experiment was repeated with DMS273 xenografts with [212Pb]-pent (111 kBq/g and 37 kBq/g), (9-10 mice per group) with tolerable weight loss as well as significant delays in tumor growth (p<0.05) and increased median overall survival",EFR02256,,,
EF02257,Nu/Nu mice,=,0.02,mg/mL,"Both nanosystems display similar tumor uptake, which corroborates the highest inhibition of subcutaneous xenograft colorectal tumor with 177Lu-PLGA(RGF) and 177 Lu-PLGA(RGF)-CXCR4L nanosystems.",EFR02257,,,
EF02258,Mice humanized for CD8,=,0.4,mg/kg,Tumor growth shows minimal response to low dose REGN1979.,EFR02258,,,
EF02259,MC38 tumor-bearing mice,=,10 μg/mL,μg/mL,"At the high dose of anti-PD-1 treatment (200 渭g per mouse, intraperitoneal injection administered on days 8, 10, and 12), 6 out of 7 mice achieved complete tumor regression. At the low dose, approximately 50% of the mice (39/86) eliminated the tumors, and the non-regressed tumors also exhibited significant growth inhibition.",EFR02259,,,
EF02261,SW1222 tumor-bearing mice,=,1.2,mCi,"In SW1222 tumor-bearing nude mice, a single treatment resulted in complete tumor regression in all 5 mice, histological cure in 40% (2 out of 5) of the mice, a significant extension of survival time, and manageable toxicity.",EFR02261,,,
EF02262,B16F10 tumor-bearing mice,=,0.4/1,MBq,"Rapid tumor proliferation and relatively large tumor size were a concern in limiting the therapeutic effects. However, ­[211At]NpG-GGN4c significantly inhibited tumor growth, indicating high therapeutic efficiency of ­[211At]NpG-GGN4c",EFR02262,,,
EF02263,Foxn1nu with SW1222-luc ,=,133.2,MBq,"In the control group, rapid tumor Progression Above The Experiment endpoint(>1500 mm3) was observed, leading to the euthanasia of all mice (n = 5) by day 18. In [177Lu]Lu-ABD and [177Lu]Lu-Gemini treatment groups, the liver tumors continued to grow for 2–3 weeks after the initiation of the 1st treatment cycle, before decreasing in size andBLI signal, reaching a nadir at ~45 days",EFR02263,,,
EF02264,CD30-positive Karpas299 tumour models,=,100/200/300, µCi,"High-dose [¹⁷⁷Lu]Lu-DOTA-IMB16 halted and slightly reduced CD30⁺ lymphoma growth (80.2±17.6% standardized volume at 10d p.i.), with medium/low doses also inhibiting growth vs. ¹⁷⁷Lu-only, IMB16-only and PBS groups (P<0.01/P<0.001).",EFR02264,,,
EF02265,SUDHL1 tumor-bearing Balb/C nude mice,=,18.5,MBq,"It exhibits strong targeting to CD25-positive SUDHL1 lymphoma. In vitro experiments show it dose-dependently inhibits tumor cell survival, while in vivo studies demonstrate its high accumulation in tumors, significantly suppressing tumor growth and prolonging the survival of tumor-bearing mice.",EFR02265,,,
EF02266,nude mice inoculated intraperitoneally with MSTO-211H cells,=,4. 348 ,kBq,"212Pb-TCMC-OI-3 specifically targets the CD146 antigen, is efficiently internalized into tumor cells, and releases alpha particles. In the intraperitoneal mesothelioma xenograft model, it significantly prolongs the survival of mice without showing obvious toxic side effects.",EFR02266,,,
EF02267,nude mice with PANC-1 and SU.86.86 tumors,≤,150,μL,"68Ga-CBP8 uptake increased with FOLFIRINOX treatment duration in FOLFIRINOX-sensitive PANC-1 and PDAC6 tumors (P<0.05), but showed no significant change in vehicle-treated or FOLFIRINOX-resistant SU.86.86 tumors (P>0.05).",EFR02267,,,
EF02268,mice bearing KPC tumor,=,1,μCi,"Mice with established subcutaneous KPC tumors, which replicate the treatment-resistant nature of human PDAC , received a total dose of 1 µCi of [225Ac]AJ210 and were monitored for tumor growth.Tumor growth curves demonstrated significantly improved tumor response and survival with [225Ac]AJ210 treatment compared to saline controls",EFR02268,,,
EF02269,PC3 or 22Rv1 tumor-bearing mice,=,925,MBq/kg,"The results are listed in Figure 5.After the injection of excess [18F]AlF-ETN, no mouse died or showed anyabnormal behaviors. During the 18-day monitoring period, there was almost no difference in body weight between the [18F]AlF-ETN-treated group and saline-treated group, so did the blood biochemical parameters including aspartate aminotransferase (AST), alanine aminotransferase (ALT) and blood urea nitrogen (BUN). In addition, there were no obvious pathological changes shown in the results of the H&E staining of major organ tissue slides including heart, liver, spleen, lung, and kidney.",EFR02269,,,
EF02270,HT-1080 xenograft mice,,3月10日,MBq,"In the therapy experiment, substantial tumor growth inhibition was observed in the HT-1080 xenograft mice after the administration of [177Lu]EphA2 mAb (3 and 10MBq)",EFR02270,,,
EF02271,PC12 tumor-bearing mice,,0.28/0.56/1.11,MBq,"This study evaluated the efficacy of the α-emitter ²¹¹At-MABG in the treatment of pheochromocytoma. In vitro experiments showed that it dose-dependently inhibits PC12 cell survival and induces DNA damage. In in vivo experiments, it exerted a potent tumor-reducing effect on tumor-bearing mice, with doses of 0.56 MBq and above demonstrating significant efficacy. Additionally, it had mild side effects, and the mice's body weight was recoverable. Compared with conventional ¹³¹I-MIBG, it exhibits superior therapeutic efficacy, providing a potential effective therapeutic option for malignant pheochromocytoma.",EFR02271,,,
EF02274,Nude mice bearing GW-39 tumors,,700,μCi ,"A 700 μCi dose of pretargeted ⁹⁰Y-peptide outperformed directly radiolabeled antibody: it enhanced survival, cured more tumors, delivered ~1.7-fold higher tumor AUC and 2.5-fold higher average μCi/g at equitoxic doses. It only caused mild multifocal glomerulonephritis (similar to 150/190 μCi ⁹⁰Y-IgG) with a favorable ~5:1 tumor/kidney AUC ratio.",EFR02274,,,
EF02275,LS180 tumor-bearing mice,,100/200,μCi ,"It significantly inhibits tumor progression in LS180 tumor-bearing mice. The therapeutic efficacy of a single 200 渭Ci dose or fractionated 100 渭Ci doses is superior to that of a single 100 渭Ci dose, with the fractionated administration of 100 渭Ci on days 0 and 15 yielding the best therapeutic effect.",EFR02275,,,
EF02277,BALB/c nude mice with LS174T tumors.,,26 MBq/0.28 nmol ,,"After optimizing the dosage and administration cycle, the pretargeted radioimmunotherapy with 鹿鈦封伔Lu-IMP288 combined with TF2 significantly delays tumor growth and prolongs survival in mice bearing CEA-expressing human colonic tumors.",EFR02277,,,
EF02278,TF2 pretargeted LS174T tumor bearing mice,,12/17/6,MBq,"It compares the efficacy of pretargeted radioimmunotherapy using α-emitter 213Bi-labeled IMP288 and β-emitter 177Lu-labeled IMP288 for CEA-positive human colon cancer xenografts. Both tracers exhibit comparable tumor targeting and therapeutic efficacy: 12 MBq 213Bi-IMP288 and 60 MBq 177Lu-IMP288 significantly inhibit tumor growth and prolong survival. However, nephrotoxicity is observed in the high-dose groups of 213Bi-IMP288.",EFR02278,,,
EF02280,athymic mice bearing flank HEL subcutaneous tumors,,1000/1200/1400,μCi ,"After administration of specific doses, the proteins precisely target leukemia cells, significantly prolong the survival time of mice, control tumor growth, and exhibit manageable toxicity.",EFR02280,,,
EF02281,nude mice xenografted with Daudi,,100,μCi ,"90Y-anti-CD45 treatment were examined on day 8. The histology was undistinguishable from that of normal, untreated mouse. Cellularity in the bone marrow was normal, and there was a normal composite of hematopoietic cells",EFR02281,,,
EF02282,nude mice xenografted with Daudi,,100,μCi ,"90Y-anti-CD45 treatment were examined on day 8. The histology was undistinguishable from that of normal, untreated mouse. Cellularity in the bone marrow was normal, and there was a normal composite of hematopoietic cells",EFR02282,,,
EF02283,SJL/J mice were given 105 syngeneic SJL leukemic peripheral blood mononuclear cells,,12–24 ,µCi,"The efficacy of anti-CD45 antibody labeled with the alpha-emitting radionuclide 211At combined with bone marrow transplantation (BMT) in CD45竅ｺ disseminated murine leukemia was evaluated. Results showed that this therapy exhibited excellent targeting to the bone marrow and spleen, dose-dependently prolonged the survival of mice, and had mild toxicity.",EFR02283,,,
EF02284,Mice with palpable Daudi tumors,,77-137,µCi,"The anti-hematopoietic tumor effect of yttrium-90-labeled anti-CD45 antibody (鈦光伆Y-anti-CD45) was demonstrated in a nude mouse Daudi xenograft model. The agent exhibited dose-dependent antitumor activity, with the 137 渭Ci dose group achieving the optimal efficacy. Mice in this group survived tumor-free for over 135 days, and no significant damage was observed in organs such as the liver and kidneys.",EFR02284,,,
EF02285,Female B6SJLF1/J mice,,300,µCi,"Both target the bone marrow and spleen, but the ⁹⁰Y group showed a dose-dependent survival benefit: 60% of mice in the 300 μCi dose group survived for more than 180 days, with only mild and transient myelotoxicity. In contrast, the ¹⁷⁷Lu group had no long-term survivors, and significant toxicity was observed at high doses. Therefore, ⁹⁰Y exhibits superior therapeutic efficacy.",EFR02285,,,
EF02286,Female B6SJLF1/J mice,,300,µCi,"Both target the bone marrow and spleen, but the ⁹⁰Y group showed a dose-dependent survival benefit: 60% of mice in the 300 μCi dose group survived for more than 180 days, with only mild and transient myelotoxicity. In contrast, the ¹⁷⁷Lu group had no long-term survivors, and significant toxicity was observed at high doses. Therefore, ⁹⁰Y exhibits superior therapeutic efficacy.",EFR02286,,,
EF02288,B16F10 tumor-bearing mice,,30,MBq,"When 30 MBq of ¹⁷⁷Lu-LLP2A is used alone, its efficacy is comparable to the combined treatment of anti-PD-1/PD-L1 + anti-CTLA-4 antibodies. When combined with ICI, it significantly improves the survival rate of B16F10 tumor-bearing mice, with the highest tumor cell apoptosis rate (about 81% as shown by TUNEL staining). This dose can target approximately 75% of tumor cells (CD45-CD49d+) and 23% of immune cells (CD45+CD49d+) in the tumor microenvironment. Immune cells highly express VLA-4 and colocalize with macrophages, etc., enhancing the anti-tumor effect.",EFR02288,,,
EF02515,KB tumor-bearing female athymic nude mice (CD-1 Foxn1nu),=,1× 20,MBq,led to complete tumor remission in 4/5 mice and significantly prolonged survival.,EFR02515,,,
EF02516,KB tumor-bearing female athymic nude mice (CD-1 Foxn1nu),=,2 × 10,MBq,"inhibited tumor growth, with relative tumor size ~30% of controls at day 28.",EFR02516,,,
EF02517,KB tumor-bearing female athymic nude mice (CD-1 Foxn1nu),=,3 × 7,MBq,"suppressed tumor growth but caused more significant body weight loss, with relative tumor size ~30% of controls at day 28.",EFR02517,,,
EF02518,KB tumors nude mice,=,10,MBq,"The average survival time was 25 d for control mice and 38.5 d for treated mice, which meant an additional survival time of 54% in the case of 47Sc-cm10 therapy",EFR02518,slight body weight loss,,
EF02519,KB Tumor–Bearing Nude Mice,=,1.1 and 1.3,MBq,KB tumors stopped growing after therapy and started to regrow again several days later.,EFR02519,slight body weight loss,,
EF02520,KB Tumor–Bearing Nude Mice,=,11,MBq,"tumor growth was clearly reduced in all mice, compared with the untreated controls",EFR02520,slight body weight loss,,
EF02521,KB tumor-bearing mice,=,1×20 MBq ¹⁷⁷Lu-EC0800 + 0.4 mg PMX,MBq,showed 16.9% TGI; +20.8 mg PMX (ther) achieved 50.4% TGI and 75% increased survival.,EFR02521,slight body weight gain,,
EF02522,IGROV-1 tumor-bearing mice,=,1×20 MBq ¹⁷⁷Lu-EC0800 + 0.4 mg PMX,MBq,had 75.8% TGI; +20.8 mg PMX (ther) yielded 93.2% TGI and 100% increased survival.,EFR02522,,,
EF02523,KB tumor-bearing nude mice,=,10,MBq,yielded 73% TGI,EFR02523,,,
EF02524,KB tumor-bearing nude mice,=,20,MBq,"resulted in 97% TGI, complete tumor remission in most mice.",EFR02524,,,
EF02525,KB tumor-bearing nude mice,=,30,MBq,"resulted in 96% TGI, complete tumor remission in most mice.",EFR02525,,,
EF02526,KB tumor-bearing nude mice,=,10,MBq,achieved 24% TGI,EFR02526,,,
EF02527,KB tumor-bearing nude mice,=,20,MBq,showed 57% TGI and prolonged survival to 34 days.,EFR02527,,,
EF02528,KB tumor-bearing mice,=,10,MBq,"66 ± 12% TGI, median survival 34 days, TGDI₂ = 2.4 ± 0.3.",EFR02528,,,
EF02529,KB tumor-bearing mice,=,15,MBq,"91 ± 4% TGI, median survival 44 days, TGDI₂ = 4.5 ± 0.3",EFR02529,,,
EF02530,KB tumor-bearing mice,=,10,MBq,"89 ± 3% TGI, median survival 49 days, slower tumor growth (TGDI₂ = 4.2 ± 0.6).",EFR02530,,,
EF02531,KB tumor-bearing mice,=,15,MBq,"96 ± 2% TGI, all mice survived until study end (day 56), no TGDIs calculable due to RTV below threshold.",EFR02531,,,
EF02532,mice bearing CD38+ RPMI 8226 tumours,=,18.5 ± 0.5,MBq,"showed significant tumor burden reduction, median survival extended to 65 days.",EFR02532,,,
EF02533,mice bearing CD38+ RPMI 8226 tumours,=,9.3 ± 0.3,MBq,"induced dose-dependent tumor regression, prolonged median survival to 62 days.",EFR02533,,,
EF02534,Ramos tumor-bearing SCID mice,=,300 μg in 100 μL of PBS,ug,detected significant reduction in CD38 expression,EFR02534,,,
EF02535,Daudi tumor-bearing CB17-SCID mice,=,11.1,MBq,"Single injection suppressed tumor growth to 38.2 ± 11.4% standardized volume at 10 d; 18F-FDG uptake (6.3 ± 0.9 %ID/g) was reduced, with tumor necrosis and apoptosis observed.",EFR02535,Body weight gradually dropped,,
EF02536,Daudi tumor-bearing CB17-SCID mice,=,3.7,MBq,Single injection inhibited tumor growth to 130.0 ± 20.0% standardized volume at 10 d; 18F-FDG uptake (6.6 ± 1.1 %ID/g) was lower than control groups.,EFR02536,Body weight drop was milder than the high-dose group,,
EF02537,Ly10 tumor-bearing CB17-SCID mice,=,11.1,MBq,"Single injection resulted in standardized tumor volume of 301.2 ± 104.6% at 10 d, significantly smaller than dara and 177Lu-only groups.",EFR02537,Body weight decreased,,
EF02538,Ly10 tumor-bearing CB17-SCID mice,=,3.7,MBq,No significant tumor inhibition; standardized volume (746.8 ± 227.7% at 10 d) was similar to dara and 177Lu-only groups.,EFR02538,Body weight showed a slight decrease,,
EF02539,MM1-S-bearing NSG mice,=,1.85,MBq,"no tumor growth delay, with tumor regrowth observed",EFR02539,Weight loss,,
EF02540,MM1-S-bearing NSG mice,=,3.7,MBq,Median survival extended to 54 days; induced small equivalent tumor growth delay followed by regrowth.,EFR02540,Weight loss,,
EF02541,MM1-S-bearing NSG mice,=,7.4,MBq,"Median survival was 47 days; caused slight tumor growth delay and subsequent regrowth, identified as maximum tolerated dose.",EFR02541,Weight loss,,
EF02542,MM1-S-bearing NSG mice,=,0.925,MBq,"median survival (35d) similar to untreated controls, with no tumor growth delay.",EFR02542,Weight loss,,
EF02543,MM1-S-bearing NSG mice,=,1.85,MBq,"median survival (35d) similar to untreated controls, with no tumor growth delay.",EFR02543,Weight loss,,
EF02544,MM1-S-bearing NSG mice,=,3.7,MBq,"median survival (35d) similar to untreated controls, with no tumor growth delay.",EFR02544,Weight loss,,
EF02545,MM1-S-bearing NSG mice,=,0.925,MBq,Median survival increased to 45 days; significant tumor growth delay (16 days) with no obvious toxicity.,EFR02545,Weight loss,,
EF02546,MM1-S-bearing NSG mice,=,1.85,MBq,Median survival extended to 51 days; induced 16-day tumor growth delay with favorable safety profile.,EFR02546,Weight loss,,
EF02547,MM1-S-bearing NSG mice,=,3.7,MBq,"Median survival prolonged to 72 days; 29-day tumor growth delay, optimal efficacy with no significant weight loss.",EFR02547,,,
EF02548,MRD NRG mice,=,15,uci,Delivered targeted radiation to MM cells; 50% disease-free survival at day 130 was lower than the 30 µCi dose group.,EFR02548,,,
EF02549,MRD NRG mice,=,30,uci,"80% of mice had no detectable disease at day 21; 50% remained alive and disease-free at day 130, with superior survival vs other groups.",EFR02549,,,
EF02550,Daudi subcutaneous tumor-bearing SCID mice,=,200,nci,"Stabilized established tumor growth; C1q binding and ADCC functions remained unaltered, with no significant toxicity.",EFR02550,,,
EF02551,Daudi subcutaneous tumor-bearing SCID mice,=,400,nci,"Significantly controlled tumor growth (p=0.02 vs 200 nCi group); 50% of mice survived until day 55, with ~80% tumor cell apoptosis.",EFR02551,"Transient weight loss in the second week posttreatment, with rapid recovery in the third week",,
EF02552,B16F10-fluc-tdT melanoma-bearing C57BL/6 mice,=,29.6,MBq,"Median survival remained 7 days; no meaningful improvement in tumor control, with mice reaching end point due to tumor burden.",EFR02552,end point reached due to tumor ulceration,,
EF02553,B16F10-fluc-tdT melanoma-bearing C57BL/6 mice,=,14.8,MBq,"Median survival was 7 days, same as control; rapid tumor and blood clearance led to no significant tumor growth inhibition.",EFR02553,mice reached end point due to tumor burden.,,
EF02554,B16F10-fluc-tdT melanoma-bearing C57BL/6 mice,=,29.6,MBq,Median survival extended to 11 days (p<0.0001 vs control); induced hematopoietic toxicity with severely reduced WBC counts.,EFR02554,"Severe hematopoietic toxicity, WBC counts dropped to 0.11×10³ cells/μL; 20% weight loss, lethargic/hunched posture observed.",,
EF02555,B16F10-fluc-tdT melanoma-bearing C57BL/6 mice,=,14.8×2,MBq,"Median survival prolonged to 16 days (p<0.0001 vs control); reduced hematopoietic toxicity vs single high dose, with improved tumor growth control.",EFR02555,tumor ulceration,,
EF02556,RM1-PGLS (PSMA⁺) syngeneic tumor-bearing C57BL/6J mice,=,57,MBq,"Median survival extended to 30 days (P=0.0007); all mice showed tumor growth suppression, with 2-fold more tumor-infiltrating",EFR02556,,,
EF02557,5T33MM syngeneic tumor-bearing C57BL/KalwRij mice,,47.2±3.1,KBq,"Median survival prolonged to 27 days (p<0.0001); 2 mice survived 38-40 days, with increased CD8⁺ T-cells and PD-L1 expression.",EFR02557,,,
EF02600,Athymic BALB/c micebearing Ramoslymphomaxenografts,=,200,uci,Tumor growth rate similar to negative control groups; all mice euthanized by day 20 (0/10 CRs),EFR02600,,,
EF02603,SHT-1 xenografted mice,=,0.3ug+huNR-LU-10 scFvSA(575ug),ug,"All animals showed tumor regressions; 9/10 had durable responses (>120 days without recurrence, complete cures)",EFR02603,,,
EF02604,SHT-1 xenografted mice,=,0.3ug+mAb/SA chemical conjugate(400ug),ug,"All animals exhibited tumor regressions; 7/9 achieved complete, durable cures",EFR02604,,,
EF02605,hCD20pos B16 tumor-bearing mice,=,144,MBq,Significantly prolonged median survival compared with PBS (P=0.0016) or ¹⁷⁷Lu-DTPA-ctrl sdAb (P=0.0204); no significant difference in median survival vs ¹⁷⁷Lu-DTPA-rituximab or unlabeled rituximab,EFR02605,,,
EF02606,Female athymic nude mice bearing Ramos tumor,=,0.2,uci,Tumor size reduction started at day 3; median survival was 26 days; 1 out of 6 mice was cured (survived 90 days without measurable tumor); increasing dose by 33% minimally improved efficacy,EFR02606,,,
EF02607,Female athymic nude mice bearing Ramos tumor,=,0.15,uci,Tumor size reduction initiated at day 3; median time to progression was about 15 days; median survival was 23 days; 1 out of 6 mice was cured (survived 90 days without measurable tumor),EFR02607,,,
EF02608,Female athymic nude mice bearing Ramos tumor,=,0.15,uci,Tumor size reduction began at day 3; median time to progression was about 22 days; median survival was 32 days; 1 out of 6 mice was cured (survived 90 days without measurable tumor),EFR02608,,,
EF02609,Raji B lymphoma model in SCID mice,=,1.81,MBq,"Significantly prolonged median survival (from 19 to 31 days, P<.01); surviving mice had no evident tumor for 26 weeks",EFR02609,,,
EF02610,Raji B lymphoma model in SCID mice,=,0.59,MBq,No significant therapeutic effect,EFR02610,,,
EF02611,Nude mouse model bearing subcutaneous Ramos B-cell lymphoma xenografts,=,0.15,mci,3/9 (33%) mice were cured (tumor-free for ≥4 months); significantly prolonged survival vs untreated group; tumors progressed more slowly than controls,EFR02611,,,
EF02612,Nude mouse model bearing subcutaneous Ramos B-cell lymphoma xenografts,=,0.25,mci,8/11 (72.7%) mice cured when median tumor size was 0.24 cm³; 5/9 (55.5%) cured when median tumor size was 0.51 cm³; median survival longer than study duration (>17.5 weeks),EFR02612,,,
EF02613,Nude mouse model bearing subcutaneous Ramos B-cell lymphoma xenografts,=,0.5,mci,5/10 (50%) to 9/10 (90%) mice cured (depending on initial tumor size); significantly extended survival vs untreated group; no treatment-related toxicity leading to study removal,EFR02613,,,
EF02614,Nude mouse model bearing subcutaneous Ramos B-cell lymphoma xenografts,=,0.7,mci,9/10 (90%) mice cured with median tumor size of 0.9 cm³; followed up for 22.5 weeks with no tumor recurrence in cured animals,EFR02614,,,
EF02619,nude mice bearing 1.0- to1.3-cm diameter Ramos tumors,=,800,uci,All tumors regressed significantly after initial progression; 5/10 mice were tumor-free and cured at week 18; significant survival advantage vs directly labeled IgG (P=0.0064),EFR02619,Body weight decreased from 18.85±0.94 g to 17.93±1.93 g 2 weeks post-treatment,,
EF02620,nude mice bearing 1.0- to1.3-cm diameter Ramos tumors,=,500×2,uci,6/10 mice had complete tumor regression or tumors ≤0.05 cm³ before retreatment; 3/10 mice were tumor-free at week 24; significant survival advantage vs divided-dose IgG (P=0.016),EFR02620,,,
EF02621,nude mice bearing 1.0- to1.3-cm diameter Ramos tumors,=,175,uci,9/10 tumors progressed; 7/10 tumors exceeded 2.5 cm³ within 7 weeks; no long-term cures; less effective than pretargeted therapy,EFR02621,,,
EF02622,nude mice bearing 1.0- to1.3-cm diameter Ramos tumors,=,105×2,uci,Only 1/10 mice became tumor-free (week 11); all other tumors progressed to >2.5 cm³ within 5 weeks of retreatment; no significant survival improvement vs single dose (P=0.465),EFR02622,,,
EF02623,mice models of CLL (MEC-2),=,5,uci,Showed therapeutic efficacy; contributed to tumor-free survival in a dose-dependent manner; survival superior to control groups,EFR02623,,,
EF02624,mice models of CLL (MEC-2),=,10,uci,70% of mice were tumor-free 20 weeks post cell injection; significant tumor growth inhibition vs controls,EFR02624,,,
EF02625,mice models of CLL (MEC-2),=,15,uci,90% of mice were tumor-free 20 weeks post cell injection; strong therapeutic effect with high tumor-free rate,EFR02625,,,
EF02626,mice models of CLL (MEC-2),=,20,uci,100% of mice were tumor-free 20 weeks post cell injection; achieved complete tumor elimination in all treated animals,EFR02626,,,
EF02627,mice models of Burkitt's lymphoma (Daudi) ,=,2.5,uci,Over 80% of mice were tumor-free 15 weeks post cell injection; demonstrated dose-dependent tumor growth suppression,EFR02627,,,
EF02628,mice models of Burkitt's lymphoma (Daudi) ,=,5,uci,80% of mice were tumor-free 15 weeks post cell injection; effective in inhibiting tumor growth,EFR02628,,,
EF02629,mice models of Burkitt's lymphoma (Daudi) ,=,7.5,uci,Over 80% of mice were tumor-free 15 weeks post cell injection; potent therapeutic efficacy against CD37-positive NHL,EFR02629,,,
EF02630,Nude mice bearing subcutaneous (s.c.) Burkitt's lymphoma (Daudi) xenografts,=,177Lu-lilotomab(250 MBq/kg) + 4×NaCl(10 mg/kg),MBq/kg,Median survival was 60±9 days; tumor doubling time was 42 days; showed therapeutic effect with prolonged survival vs control,EFR02630,,,
EF02631,Nude mice bearing subcutaneous (s.c.) Burkitt's lymphoma (Daudi) xenografts,=,177Lu-lilotomab(250 MBq/kg) + 4×rituximab(10 mg/kg),MBq/kg,Median survival >157 days; median time to quadruplicate tumor volume >157 days; no palpable tumors during the ongoing study,EFR02631,"Three mice were sacrificed due to body weight loss at 14, 110, and 118 days post ¹⁷⁷Lu-lilotomab injection",,
EF02632,Nude mice bearing subcutaneous (s.c.) Burkitt's lymphoma (Daudi) xenografts,=,177Lu-lilotomab(250 MBq/kg) + 1×rituximab(40 mg/kg),MBq/kg,Median survival >157 days; median time to quadruplicate tumor volume >157 days; no palpable tumors during the ongoing study,EFR02632,One mouse was sacrificed due to body weight loss 157 days post ¹⁷⁷Lu-lilotomab injection; toxicity not definitively established,,
EF02633,SCID mice intravenously injected with Rec-1 (Mantle Cell Lymphoma) cells,=,177Lu-HH1(40 MBq/kg) + NaCl(100mg),MBq/kg,Median symptom-free survival was 92±14 days (p<0.01 vs control); surviving fraction was 0.3; 43.8% increase in symptom-free survival vs control,EFR02633,,,
EF02634,SCID mice intravenously injected with Rec-1 (Mantle Cell Lymphoma) cells,=,177Lu-HH1(40 MBq/kg) + Rituximab(100mg),MBq/kg,Median symptom-free survival >132 days (p<0.01 vs control); surviving fraction was 0.7; >106.3% increase in symptom-free survival vs control,EFR02634,,,
EF02635,mice bear B16-huCD20 tumor,=,300,kBq,Significantly delayed tumor growth (P=0.0148); notably increased time to reach humane endpoints (P=0.0014); delivered a cumulative absorbed dose of 6 Gy to tumors,EFR02635,,,
EF02636,mice bear B16-huCD20 tumor,=,180,kBq,Delayed tumor growth; increased time to reach humane endpoints (P=0.0236); delivered a cumulative absorbed dose of 4 Gy to tumors,EFR02636,,,
EF02637,nude mice bearing Ramos flank tumor xenografts,=,10,uci,Tumor uptake was 9.28 ± 1.85% ID/g (24 h post-injection); specific binding to CD20-expressing tumors equivalent to ¹²⁵I-B10-1F5,EFR02637,,,
EF02638,nude mice bearing Ramos flank tumor xenografts,=,15,uci,Specific tumor targeting with no appreciable non-target organ activity; tumor uptake three-fold higher than isotype control,EFR02638,,,
EF02639,mice bearing Ramos subcutaneous lymphoma xenografts,=,24,uci,Dose-dependent tumor growth inhibition; improved survival vs untreated controls (P<.0001); 30% survival at 40 days post-injection,EFR02639,,,
EF02640,mice bearing Ramos subcutaneous lymphoma xenografts,=,36,uci,Slower tumor progression than lower doses; significantly prolonged survival compared to controls (P<.0001); no long-term cures (all succumbed by day 50),EFR02640,,,
EF02641,mice bearing Ramos subcutaneous lymphoma xenografts,=,48,uci,Modest attenuation of tumor growth; survival advantage over untreated controls (P<.0001); no tumor eradication observed,EFR02641,,,
