affinity_id,chemical_entity_id,affinity_type,affinity_symbols,affinity_value,affinity_unit,description,source,created_at,updated_at
CHAF00001,CC02020,IC50,=,50.0 ± 4.4,nM,The binding affinities for integrin avb3 were more than 100 mM for all peptides.,,,
CHAF00002,CC02021,IC50,=,29.0 ± 0.6,nM,The binding affinities for integrin avb3 were more than 100 mM for all peptides.,,,
CHAF00003,CC02022,IC50,=,2.8±1.0,nM,"Briefly, 96-well plates were coated with αvβ3 integrins and incubated with a mixture of 125I-echistatin and increasing concentrations of the corresponding peptide. Unbound radioligand was washed out and receptor-bound activity was removed from the plate with 2 M sodium hydroxide solution (NaOH). Three independent measurements were made, and the IC50 values were calculated by fitting the per cent inhibition values using Origin software (Northampton, MA, USA).",,,
CHAF00004,CC02023,IC50,=,2.8±1.0,nM,"Briefly, 96-well plates were coated with αvβ3 integrins and incubated with a mixture of 125I-echistatin and increasing concentrations of the corresponding peptide. Unbound radioligand was washed out and receptor-bound activity was removed from the plate with 2 M sodium hydroxide solution (NaOH).",,,
CHAF00005,CC02024,IC50,=,（3.2 ± 0.9） * 10^-7,M,Inhibition of 125I-echistatin (integrin αvβ3–specific) binding to αvβ3 integrin on U87MG cells by RGD tetramer.,,,
CHAF00006,LIG00103,IC50,=,（3.5 ± 0.3） * 10^-8,M,Inhibition of 125I-echistatin (integrin αvβ3–specific) binding to αvβ3 integrin on U87MG cells by compounds,,,
CHAF00007,CC02025,IC50,=,（1.1 ± 0.2）*10^−7,M,Inhibition of 125I-echistatin (integrin αvβ3–specific) binding to αvβ3 integrin on U87MG cells by compounds,,,
CHAF00008,LIG00103,IC50,=,（1.0 ± 0.2）*10^−8,M,Inhibition of 125I-echistatin (integrin αvβ3–specific) binding to αvβ3 integrin on U87MG cells by RGD octamer.,,,
CHAF00009,CC00116,IC50,=,51 ± 11,nM,A competitive cell binding assay was performed using MDA-MB-435 cells.,,,
CHAF00010,CC00118,IC50,=,22.57 ± 6.68,nM,"Using 125I-[Tyr4]BBN as the radioligand, the integrin binding affinity of NOTA-RGD-BBN was evaluated in integrin expressing U87MG cells.",,,
CHAF00011,CC00124,IC50,=,3.6±0.6,nM,MAG2-3G3-dimer exhibits extremely high affinity (IC50 = 3.6 ± 0.6 nM),,,
CHAF00012,CC00118,IC50,=,55.89 ± 4.23,nM,"Using 125I-[Tyr4]BBN as the radioligand, the GRPR binding affinity of NOTA-RGD-BBN was evaluated in GRPR-positive PC-3 cells.",,,
CHAF00013,LIG00103,IC50,=,11.19±4.21,nM,The integrin αvβ3 receptor-binding affinity of c(RGDyK) was determined by a competitive binding assay using 125I-c(RGDyK) as the radioligand.,,,
CHAF00014,LIG00381,IC50,=,20.25±1.17,nM,A competitive binding assay was performed in BxPC-3 human pancreatic cancer cell  line ,,,
CHAF00015,LIG00381,IC50,=,20.25±1.17,nM,A competitive binding assay was performed in BxPC-3 human pancreatic cancer cell  line ,,,
CHAF00016,LIG00120,Ki,=,4.2±1.4,nM,"A competitive binding assay was performed in AsPC-1 cells. Briefly, 50 μL of no-carrier-added 125I-IFMDV2 was mixed with competitor peptide at serially diluted concentrations ranging from 1 pM to 10 μM, followed by subsequent experimental procedures.",,,
CHAF00017,LIG00120,Ki,=,4.2±1.4,nM,"A competitive binding assay was performed in AsPC-1 cells. Briefly, 50 μL of no-carrier-added 125I-IFMDV2 was mixed with competitor peptide at serially diluted concentrations ranging from 1 pM to 10 μM, followed by subsequent experimental procedures.",,,
CHAF00018,LIG00110,IC50,=,19±2,nM,"Previously, the c(phg-isoDGRk) peptide (termed isoDGR) was developed,23 which possesses an excellent binding affinity for both integrin αvβ6 (IC50 =19 ± 2 nmol).",,,
CHAF00019,LIG00110,IC50,=,8.7±0.7,nM,"Previously, the c(phg-isoDGRk) peptide (termed isoDGR) was developed,23 which possesses an excellent binding affinity for integrin α5β1 (IC50 = 8.7 ± 0.7 nmol)",,,
CHAF00020,LIG00102,IC50,=,0.9,nM,"High affinity for αvβ3 integrin, low affinity for αvβ5 and αIIbβ3 integrin (IC50 >10 nM)",,,
CHAF00021,CC00128,IC50,=,7±3,nM,Competitive binding enzyme-linked immunosorbent assays (ELISAs),,,
CHAF00022,CC01010,IC50,=,3±1,nM,Competitive binding enzyme-linked immunosorbent assays (ELISAs),,,
CHAF00023,LIG00113,KD,=,22 nM,nM,,,,
CHAF00024,CC00133,IC50,=,5.1±0.4,nM,Competitive binding of the heterodimer DOTA-FAPI-RGD and the corresponding monomer DOTA-FAPI-04 to FAP on A549-FAP cells (n = 4).,,,
CHAF00025,CC00133,IC50,=,750.4±10.6,nM,Competitive binding of the heterodimer DOTA-FAPI-RGD and the corresponding monomer DOTA-RGD to αvβ3 on U87MG cells (n = 6).,,,
CHAF00026,CC00132,IC50,=,6.8±0.6,nM,Competitive binding of the heterodimer DOTA-FAPI-RGD and the corresponding monomer DOTA-FAPI-04 to FAP on A549-FAP cells (n = 4).,,,
CHAF00027,CC00132,IC50,=,2.1±0.4,nM,Competitive binding of the heterodimer DOTA-FAPI-RGD and the corresponding monomer DOTA-RGD to αvβ3 on U87MG cells (n = 6).,,,
CHAF00028,CC01013,IC50,=,8.9 ± 2.9,nM,Competitive binding against 125I-echistatin in U87MG cells,,,
CHAF00029,CC01014,IC50,=,25.0 ± 8.0,nM,Competitive binding against 125I-echistatin in U87MG cells,,,
CHAF00030,LIG00111,IC50,=,6.97 ± 1.44,μM,Microscale thermophoresis (MST) was used to evaluate the affinity between alanine scanned peptides and integrin α6 proteins.,,,
CHAF00031,LIG00115,kd,=,0.13 ± 3.65,μM,Microscale thermophoresis (MST) was used to evaluate the affinity between alanine scanned peptides and integrin α6 proteins.,,,
CHAF00032,CC00136,kd,=,13.40 ± 3.41,nM,"MST results demonstrated that A6P had a strong binding to integrin-α6 with a Kd of 13.40 ± 3.41 nM. This binding force was significantly higher than that of the initial peptide RWY, which had a Kd of 5630 ± 1.01 nM (Fig. 3a).",,,
CHAF00033,CC00137,IC50,=,32.1 ±3.2,nM,The IC50 values were calculated to be 32.1 ±3.2 nM for DOTA-FAP-RGD  in FAP-expressing HT1080 cells,,,
CHAF00034,CC00506,IC50,=,28.6 ± 1.6 nM,nM,The IC50 values were calculated in FAP-expressing HT1080 cells,,,
CHAF00035,CC00137,IC50,=,103.6 ± 8.2 nM,nM,"In αvβ3-expressing MC38 cells,  the IC50 values for DOTA-FAP-RGD was  103.6 ± 8.2 nM",,,
CHAF00036,CC00506,IC50,=,81.9 ±6.2,nM,"In αvβ3-expressing MC38 cells,  the IC50 values for DOTA-FAP-2286 was  81.9 ±6.2 nM",,,
CHAF00037,LIG00103,IC50,=,630 ± 144,nM,"With [125I]I-EGF and [125I]I-echistatin as competing ligands, competitive displacement assays of hEGF, c(RGDyK), c(RGDfK), and two bispecific heterobivalent constructs 1 and 2 were performed in EGFR-positive A431 cells.",,,
CHAF00038,LIG00102,IC50,=,872 ±198,nM,"With [125I]I-EGF and [125I]I-echistatin as competing ligands, competitive displacement assays of hEGF, c(RGDyK), c(RGDfK), and two bispecific heterobivalent constructs 1 and 2 were performed inintegrin αvβ3-positive U87MG cells.",,,
CHAF00039,CC00139,IC50,=,304.8,nM,,,,
CHAF00040,LIG00127,IC50,=,252.8,nM,,,,
CHAF00041,LIG00111,IC50,=,1081.8,nM,,,,
CHAF00042,CC01013,IC50,=,8.9 ± 2.9,nM,Competitive binding against 125I-echistatin in U87MG cells,,,
CHAF00043,CC01014,IC50,=,25.0 ± 8.0,nM,Competitive binding against 125I-echistatin in U87MG cells,,,
CHAF00044,LIG00111,IC50,=,6.97 ± 1.44,μM,Microscale thermophoresis (MST) was used to evaluate the affinity between alanine scanned peptides and integrin α6 proteins.,,,
CHAF00045,LIG00115,kd,=,0.13 ± 3.65,μM,Microscale thermophoresis (MST) was used to evaluate the affinity between alanine scanned peptides and integrin α6 proteins.,,,
CHAF00046,CC00136,kd,=,13.40 ± 3.41,nM,"MST results demonstrated that A6P had a strong binding to integrin-α6 with a Kd of 13.40 ± 3.41 nM. This binding force was significantly higher than that of the initial peptide RWY, which had a Kd of 5630 ± 1.01 nM (Fig. 3a).",,,
CHAF00047,CC00137,IC50,=,32.1 ±3.2,nM,The IC50 values were calculated to be 32.1 ±3.2 nM for DOTA-FAP-RGD  in FAP-expressing HT1080 cells,,,
CHAF00048,CC00506,IC50,=,28.6 ± 1.6 nM,nM,The IC50 values were calculated in FAP-expressing HT1080 cells,,,
CHAF00049,CC00137,IC50,=,103.6 ± 8.2 nM,nM,"In αvβ3-expressing MC38 cells,  the IC50 values for DOTA-FAP-RGD was  103.6 ± 8.2 nM",,,
CHAF00050,CC00506,IC50,=,81.9 ±6.2,nM,"In αvβ3-expressing MC38 cells,  the IC50 values for DOTA-FAP-2286 was  81.9 ±6.2 nM",,,
CHAF00051,LIG00103,IC50,=,630 ± 144,nM,"With [125I]I-EGF and [125I]I-echistatin as competing ligands, competitive displacement assays of hEGF, c(RGDyK), c(RGDfK), and two bispecific heterobivalent constructs 1 and 2 were performed in EGFR-positive A431 cells.",,,
CHAF00052,LIG00102,IC50,=,872 ±198,nM,"With [125I]I-EGF and [125I]I-echistatin as competing ligands, competitive displacement assays of hEGF, c(RGDyK), c(RGDfK), and two bispecific heterobivalent constructs 1 and 2 were performed inintegrin αvβ3-positive U87MG cells.",,,
CHAF00053,CC00139,IC50,=,304.8,nM,,,,
CHAF00054,LIG00127,IC50,=,252.8,nM,,,,
CHAF00055,LIG00111,IC50,=,1081.8,nM,,,,
CHAF00056,LIG00127,IC50,=,1354.5,nM,Saturation binding to integrin α6β4,,,
CHAF00057,CC00140,IC50,=,0.52,nM,Binding affinity for integrin αvβ3 from binding inhibition assay using U87MG cells,,,
CHAF00058,CC00141,IC50,=,1.8,nM,Binding affinity for integrin αvβ3 from binding inhibition assay using U87MG cells,,,
CHAF00059,CC00142,IC50,=,67.5 ± 7.8,nM,All peptides can completely inhibit the radioactive ligand,,,
CHAF00060,CC00143,IC50,=,518 ± 37.5,nM,"To assess the binding affinity of [RGD-Glu-[natCu-NO2A]-6 -Ahx-RM2] for αvβ3, a competitive displacement was performed in αvβ3-expressing, human, glioblastoma U87-MG cells using 125 IEchistatin as the radioligand.",,,
CHAF00061,CC00143,IC50,=,77 nM,nM,The affinity of the compounds for integrin αvβ3 was evaluated by solid-phase binding assay.,,,
CHAF00062,LIG00103,IC50,=,16 nM,nM,The affinity of the compounds for integrin αvβ3 was evaluated by solid-phase binding assay.,,,
CHAF00063,CC01020,IC50,=,14±2,nM,"The affinity of αvβ6 for integrin was determined by competitive binding ELISA using biotinylated LAP for detection, to determine the half-maximal inhibitory concentration (IC50)",,,
CHAF00064,CC01021,IC50,=,19±5,nM,"The affinity of αvβ6 for integrin was determined by competitive binding ELISA using biotinylated LAP for detection, to determine the half-maximal inhibitory concentration (IC50)",,,
CHAF00065,CC01023,IC50,=,50,nM,High affinity for integrin αvβ3,,,
CHAF00066,CC00147,IC50,=,350,nM,Competitive binding assay with 125I-echistatin,,,
CHAF00067,CC00148,IC50,=,408,nM,Competitive binding assay with 125I-echistatin,,,
CHAF00068,CC00149,IC50,=,78,nM,Competitive binding assay with 125I-echistatin,,,
CHAF00069,CC00183,IC50,=,22,nM,Competitive binding assay with 125I-echistatin,,,
CHAF00070,LIG00102,IC50,=,159 . 5 ± 1 . 3,nM,The binding affinity of compounds to the integrin αvβ3 receptor was evaluated via competitive cell binding assays in αvβ3-positive U-87MG glioblastoma cell line.,,,
CHAF00071,CC01026,ki,=,1.69,nM,Saturation binding assay and competition binding assay were conducted on BxPC-3,,,
CHAF00072,CC01026,ki,=,9.46,nM,Saturation binding assay and competition binding assay were conducted on  Capan-2 cell lines,,,
CHAF00073,CC01026,kd,=,0.3,nM,Saturation binding assay and competition binding assay were conducted on BxPC-3  cell lines,,,
CHAF00074,CC01026,kd,=,0.75,nM,Saturation binding assay and competition binding assay were conducted on  Capan-2 cell lines,,,
CHAF00075,LIG00187,IC50,=,5.2 ± 1.9,nM,,,,
CHAF00076,CC01028,KD,=,7,nM,,,,
CHAF00077,CC01009,IC50,=,2.35 ± 0.75,nM,,,,
CHAF00078,CC00151,IC50,=,5.88 ± 0.35,nM,,,,
CHAF00079,CC00152,IC50,=,3.23 ± 0.78 nM,nM,,,,
CHAF00080,LIG00102,IC50,=,46.12±7.49,nM,,,,
CHAF00081,CC00150,IC50,=,16.1±3.1,nM,All three peptide conjugates inhibited the binding of 125I-echistatin (integrin αv β3 specific)  to U87MG cells in a concentration dependent  manner.,,,
CHAF00082,CC00153,IC50,=,60.1±7.6,nM,All three peptide conjugates inhibited the binding of 125I-echistatin (integrin αv β3 specific)  to U87MG cells in a concentration dependent  manner.,,,
CHAF00083,CC00154,IC50,=,218±28,nM,All three peptide conjugates inhibited the binding of 125I-echistatin (integrin αv β3 specific)  to U87MG cells in a concentration dependent  manner.,,,
CHAF00084,CC01031,IC50,=,93.36±5.50,nM,The displacement curves of isoDGR against the binding of 125I-c(phg-isoDGRy)on U87MG cells.,,,
CHAF00085,CC01032,IC50,=,13.63±0.56,nM,The displacement curves of 2PisoDGR2 against the binding of 125I-c(phg-isoDGRy)on U87MG cells.,,,
CHAF00086,LIG00513,IC50,＜,2,PM,High affinity for α4β1 integrin ,,,
CHAF00087,CC00172,log EC₅₀,=,2.07,ng/mL,The binding ability of DF-hCD103 to unmodified antibody was determined using a cell-based ELISA method using CHO cells transfected with CD103/β7. ,,,
CHAF00088,CC00175,KD,=,0.21 ± 0.06,nM,Measured by SPR for human integrin α5β1; higher affinity than QM-2301 due to cysteine modification,,,
CHAF00089,CC00177,IC50,=,2.49,nM,PC-3 and LNCaP cells were incubated separately with different concentrations of lIP-L/cIP-L together with [⁶⁸Ga]Ga-PSMA-617 to evaluate their affinity for integrin α₂β₁.,,,
CHAF00090,CC00177,IC50,=,9.02,nM,PC-3 and LNCaP cells were incubated separately with different concentrations of lIP-L/cIP-L together with [⁶⁸Ga]Ga-PSMA-617 to evaluate their affinity for PSMA.,,,
CHAF00091,CC00178,IC50,=,158.1±17.6,nM,Competitive binding of [125I]I-c(RGDyK) with integrin αvβ3,,,
CHAF00092,CC00179,IC50,=,158.1±17.6,nM,Competitive binding of [125I]I-c(RGDyK) with integrin αvβ3,,,
CHAF00093,LIG00133,IC50,=,43.6 ±  7.3,nM,"Binding affinities of RGD containing peptides (1,5a,6a,and 8)for integrin αvβ3 were assessed via competitive binding assays using U-87MG cells.",,,
CHAF00094,CC00180,IC50,=,33.9± 12.5,nM,"Binding affinities of RGD containing peptides (1,5a,6a,and 8)for integrin αvβ3 were  assessed via competitive binding assays using U-87MG cells. ",,,
CHAF00095,CC00182,IC50,=,60.6 ±  12.6,nM,Competitive binding of the compounds to integrin αvβ3 expressed on the surface of U-87MG cells.,,,
CHAF00096,CC01045,Kd,=,5.2 ± 1.0,nM,,,,
CHAF00097,CC01010,IC50,=,6.2 ± 0.4 nM (for 2),nM,,,,
CHAF00098,CC01063,IC50,=,2.72 ± 0.15,nM,Inhibition of 125I-HYK binding to BxPC-3 cells,,,
CHAF00099,CC00193,KD,=,27.9±6.8,nM,"The NOTA-RGD conjugate was examined in vitro for its ability to inhibit the binding of biotinylated vitronectin to the isolated, immobilized αv β3 receptor. The functionalized  cyclic pentapeptide NOTA-RGD displayed a binding affinity toward αv β3 integrin (27.9±6.8 nM) comparable to that of the reference ligand DB58 (20.2±1.9 nM) indicating that  the conjugation of NOTA to the RGD did not substantially  change the affinity for the integrin αv β3 ",,,
CHAF00100,LIG00145,KD,=,20.2±1.9,nM,"The NOTA-RGD conjugate was examined in vitro for its ability to inhibit the binding of biotinylated vitronectin to the isolated, immobilized αv β3 receptor. The functionalized  cyclic pentapeptide NOTA-RGD displayed a binding affinity toward αv β3 integrin (27.9±6.8 nM) comparable to that of the reference ligand DB58 (20.2±1.9 nM) indicating that  the conjugation of NOTA to the RGD did not substantially  change the affinity for the integrin αv β3 ",,,
CHAF00101,CC00194,KD,=,3.37±0.84,nM,In vitro integrin αvβ3binding affinity determined by displacing 125I−c(RGDyK) on U87MG cells ,,,
CHAF00102,CC01078,KD,=,33.96±2.17,nM,In vitro competition binding assay using 125I-echistatin on U87MG cells,,,
CHAF00103,CC00195,KD,=,66.38±3.75,nM,In vitro competition binding assay using 125I-echistatin on U87MG cells,,,
CHAF00104,CC02178,IC50,=,3.09 ± 0.34,nM,IC50 of [RGD-Glu-[natCu-NO₂A]-6-Ahx-RM2] for GRPr in PC-3 cells (using 125I-[Tyr⁴]BBN as radioligand) is 3.09 ± 0.34 nM.,,,
CHAF00105,CC02178,IC50,=,518 ± 37.5,nM, IC50 for αvβ3 integrin in U87-MG cells (using 125I-Echistatin as radioligand) is 518 ± 37.5 nM.,,,
CHAF00106,CC01081,KD,=,16.15 ± 2.77,nM,Determined by competitive binding assay using 125I-c(RGDyK) (for integrin αvβ3 on U87MG cells),,,
CHAF00107,CC01081,KD,=,92.75 ± 3.53 nM,nM,Determined by competitive binding assay using  125I-[Tyr⁴]BBN (for GRPR on PC-3 cells),,,
CHAF00108,CC00198,KD,=,7 .37 ± 0 .05,nM,Determined on αvβ3-expressing M21 human melanoma cells against 125I-echistatin,,,
CHAF00109,CC01084,KD,=,20±4,nM,"Binding affinity to αvβ3 integrin expressed on U87MG glioblastoma cells, determined by competition assays with 125I-labeled echistatin|None|Not provided",,,
CHAF00110,CC00202,IC50,=,43.75±4.82,nM,The affinity of the compounds for integrin αvβ3 was evaluated in U87MG cells.,,,
CHAF00111,CC00202,IC50,=,60.08±6.53,nM,The affinity of the compounds for integrin NRP-1 was evaluated in U87MG cells.,,,
CHAF00112,LIG00102,IC50,=,46.75±4.40,,,,,
CHAF00113,CC00130,IC50,=,48.53±6.95,,,,,
CHAF00114,LIG00148,IC50,=,60.08±6.53,,The affinity of the compounds for integrin NRP-1 was evaluated in U87MG cells.,,,
CHAF00115,CC01089,IC50,=,444 ± 41,nM,Competitive binding with 125I-echistatin,,,
CHAF00116,CC00203,IC50,=,288 ± 66,nM,Competitive binding with 125I-echistatin,,,
CHAF00117,CC01091,IC50,=,119.2,nM,Competitive binding assay vs. 125I-echistatin in U87MG cells,,,
CHAF00118,CC00210,IC50,=,82.7,nM,Competitive binding assay vs. 125I-echistatin in U87MG cells,,,
CHAF00119,LIG00103,IC50,=,204 ± 76,nM,Competitive binding assay vs. 125I-echistatin in U87MG cells,,,
CHAF00120,CC01093,IC50,=,171,nM,Competitive binding vs. 125I-echistatin in U87MG cells,,,
CHAF00121,CC01094,IC50,=,218,nM,Competitive binding vs. 125I-echistatin in U87MG cells,,,
CHAF00122,CC01095,IC50,=,43.9,nM,Competitive binding vs. 125I-echistatin in U87MG cells,,,
CHAF00123,CC01096,IC50,=,14.7,nM,Competitive binding vs. 125I-echistatin in U87MG cells,,,
CHAF00124,CC00248,IC50,=,20 ± 2,nM,Displacement assay vs 125I-echistatin on U87MG cells,,,
CHAF00125,CC00215,IC50,=,8.3,nM,Competitive binding assay with 125I-echistatin,,,
CHAF00126,CC00216,IC50,=,4.8,nM,Competitive binding assay with 125I-echistatin,,,
CHAF00127,CC01009,IC50,=,69.9,nM,Binding affinity to αvβ3 integrin,,,
CHAF00128,CC01084,IC50,=,20,nM,Binding affinity to αvβ3 integrin,,,
CHAF00129,CC00208,IC50,=,74 ± 3,nM,Competitive binding vs ^125^I-echistatin on U87MG cells,,,
CHAF00130,CC00217,IC50,=,62 ± 6,nM,Competitive binding vs ^125^I-echistatin on U87MG cells,,,
CHAF00131,CC00221,IC50,=,31,nM,Displacement vs 125I-echistatin on U87MG cells,,,
CHAF00132,CC00220,IC50,=,41,nM,Displacement vs 125I-echistatin on U87MG cells,,,
CHAF00133,CC01103,IC50,=,12.1,nM,Competitive binding vs 125I-RGDyK on U87MG cells,,,
CHAF00134,CC01114,Kd,=,0.24,nM,,,,
CHAF00135,CC01115,Kd,=,0.11,nM,,,,
CHAF00136,CC01119,IC50,=,(9.3±0.4)*10^-7,M,"U87MG cells (2×10⁵/well, high αvβ3) were seeded overnight. After washing, cells were incubated with 125I-echistatin and varying concentrations (0-1000 nM) of ⁿᵃᵗGa-NODAGA-c(RGDfK) for 2h at RT. Following incubation, cells were washed, lysed with NaOH, and radioactivity measured via γ-counter. All tests were performed in duplicate with triplicate wells. IC50 was determined by nonlinear regression.",,,
CHAF00137,CC01120,IC50,=,(6.5±0.2)*10^-7,M,"U87MG cells (2×10⁵/well, high αvβ3) were seeded overnight. After washing, cells were incubated with 125I-echistatin and varying concentrations (0-1000 nM) of ⁿᵃᵗCu-NODAGA-c(RGDfK) for 2h at RT. Following incubation, cells were washed, lysed with NaOH, and radioactivity measured via γ-counter. All tests were performed in duplicate with triplicate wells. IC50 was determined by nonlinear regression.",,,
CHAF00138,CC01121,IC50,=,(4.5±0.5)*10^-7,M,"U87MG cells (2×10⁵/well, high αvβ3) were seeded overnight. After washing, cells were incubated with 125I-echistatin and varying concentrations (0-1000 nM) of ⁿᵃᵗCu-CB-TE2A-c (RGDfK) for 2h at RT. Following incubation, cells were washed, lysed with NaOH, and radioactivity measured via γ-counter. All tests were performed in duplicate with triplicate wells. IC50 was determined by nonlinear regression.",,,
CHAF00139,LIG00102,IC50,=,1.33 ± 0.09,nM,"Coat a 96-well plate with vitronectin and block. Mix c(RGDfK) with human αvβ3 integrin, add to wells and incubate. Sequentially add anti-human αvβ3 primary antibody and peroxidase-labeled secondary antibody with washing steps. Finally, add chromogen for reaction, stop with sulfuric acid, and measure absorbance at 450 nm. Determine IC50 via inhibition curve to assess affinity, with quadruplicate tests.",,,
CHAF00140,CC01065,IC50,=,0.94 ± 0.06,nM,"Coat 96-well ELISA plates with vitronectin. Block non-specific binding sites with BSA-containing buffer. Add a fixed concentration of αvβ3 integrin and a series of diluted test inhibitors to each well. Wash away unbound components. Add mouse anti-human CD51/61 antibody, POD-conjugated anti-mouse IgG, and substrate. Stop the reaction and measure absorbance at 450 nm.",,,
CHAF00141,LIG00103,kd,=,6,nM,"Vitronectin was biotinylated and dialyzed into PBS (pH 7.4). αvβ3 integrin was coated onto a 96-well plate (4°C, 1 h), blocked with 3% BSA (4°C, 1 h), and incubated with 14 nM biotinylated vitronectin plus diluted peptide (37°C, 3 h). After washing, ExtrAvidin-alkaline phosphatase (1:35000, RT, 1 h) was added. Color was developed using pNPP, and IC50 was calculated via nonlinear regression.",,,
CHAF00142,CC01137,IC50,=,3.7,nM,"Vitronectin was biotinylated and dialyzed into PBS (pH 7.4). αvβ3 integrin was coated onto a 96-well plate (4°C, 1 h), blocked with 3% BSA (4°C, 1 h), and incubated with 14 nM biotinylated vitronectin plus diluted peptide (37°C, 3 h). After washing, ExtrAvidin-alkaline phosphatase (1:35000, RT, 1 h) was added. Color was developed using pNPP, and IC50 was calculated via nonlinear regression.",,,
CHAF00143,LIG00152,IC50,=,140±11,nM,"Prepare PRP from aspirin-free human donor blood, adjust platelet concentration to 300,000/µL. For each test, incubate 400µL PRP under stirring at 37°C, add 10µL solution containing varying concentrations of bitistatin (or its derivatives) for 1min. Then induce aggregation with ADP (final concentration 10µM), record light transmission changes over 5min. Calculate IC50 via least squares fitting to evaluate affinity for αᵢᵢbβ₃.",,,
CHAF00144,CC00230,IC50,=,55 ± 11,nM,"αvβ3-positive MDA-MB-435 cells were cultured and then incubated in a filter plate with 125I-echistatin and HYNIC-tetramer. After removing unbound ligand, bound radioactivity on PVDF membranes was quantified by γ-counter.  IC50  was calculated using GraphPad Prism, with experiments performed in duplicate (triplicate wells).",,,
CHAF00145,CC00231,IC50,=,163,nM,,,,
CHAF00146,CC01143,IC50,=,9 ± 6,nM,293β3-fibrinogen (αvβ3-mediated) adhesion assay,,,
CHAF00147,CC01141,IC50,=,17 ± 5,nM,293β3-fibrinogen (αvβ3-mediated) adhesion assay,,,
CHAF00148,CC01142,IC50,=,40 ± 24,nM,293β3-fibrinogen (αvβ3-mediated) adhesion assay,,,
CHAF00149,CC01143,IC50,=,9 ± 6,nM,293β3-fibrinogen (αvβ3-mediated) adhesion assay,,,
CHAF00150,CC01144,IC50,=,57 ± 16,nM,293β3-fibrinogen (αvβ3-mediated) adhesion assay,,,
CHAF00151,CC01145,IC50,=,42 ± 17,nM,293β3-fibrinogen (αvβ3-mediated) adhesion assay,,,
CHAF00152,CC01146,IC50,=,58 ± 18,nM,293β3-fibrinogen (αvβ3-mediated) adhesion assay,,,
CHAF00153,CC01147,IC50,=,6 ± 4,nM,293β3-fibrinogen (αvβ3-mediated) adhesion assay,,,
CHAF00154,CC01148,IC50,=,15 ± 11,nM,293β3-fibrinogen (αvβ3-mediated) adhesion assay,,,
CHAF00155,CC00246,IC50,=,15.0±1.1,nM,"U87MG cells in a 96-well filter plate were incubated with 125I-echistatin and varying E{E[c(RGDfK)]₂}₂ concentrations for 2 hours at room temperature. After vacuum filtration and cold buffer washes, bound radioactivity on PVDF membranes was measured using a γ-counter. IC50 was determined via nonlinear regression with GraphPad Prism.",,,
CHAF00156,CC00236,IC50,=,2.4 ± 0.7,nM,Competitive displacement assay using 125I-c(RGDyK) as integrin-specific radioligand on integrin αvβ3-positive U87MG human glioma cells,,,
CHAF00157,CC00237,IC50,=,2.8 ± 0.5,nM,Competitive displacement assay using 125I-c(RGDyK) as integrin-specific radioligand on integrin αvβ3-positive U87MG human glioma cells,,,
CHAF00158,CC00253,Kd,=,2.2±0.6,nM,Saturation binding assay using MDA-MB-468 cells,,,
CHAF00159,CC00264,Kd,=,22,nM,Saturation binding studies using EGFR-rich cells (SMMC-7721) and Scatchard analysis,,,
CHAF00160,LIG00166,KD1,=,0.8,nM,"Based on surface plasmon resonance measurements, the equilibrium dissociation constants \(K_\text{D1}\) and \(K_\text{D2}\) of murine EGFR were 0.8 nM and 28 nM, respectively; the corresponding values for human EGFR were 0.9 nM and 28 nM.",,,
CHAF00161,LIG00166,KD2,=,28,nM,"Based on surface plasmon resonance measurements, the equilibrium dissociation constants \(K_\text{D1}\) and \(K_\text{D2}\) of murine EGFR were 0.8 nM and 28 nM, respectively; the corresponding values for human EGFR were 0.9 nM and 28 nM.",,,
CHAF00162,LIG00166,KD1,=,0.9,nM,"Based on surface plasmon resonance measurements, the equilibrium dissociation constants \(K_\text{D1}\) and \(K_\text{D2}\) of murine EGFR were 0.8 nM and 28 nM, respectively; the corresponding values for human EGFR were 0.9 nM and 28 nM.",,,
CHAF00163,LIG00166,KD2,=,28,nM,"Based on surface plasmon resonance measurements, the equilibrium dissociation constants \(K_\text{D1}\) and \(K_\text{D2}\) of murine EGFR were 0.8 nM and 28 nM, respectively; the corresponding values for human EGFR were 0.9 nM and 28 nM.",,,
CHAF00164,CC00252,Kd,=,1,nM,Saturation binding assay using 125I-panitumumab,,,
CHAF00165,LIG00186,KD,=,21 ±0,pM,Interaction Map analysis of LigandTracer sensorgrams,,,
CHAF00166,LIG00166,Kd,=,1,nM,Cell-binding assay using HCT116 cells,,,
CHAF00177,CC00410,Kd​,=,​1.7,nM,Homologous competitive binding assays were performed using AR42J tumor membranes bearing SSTr2.,,,
CHAF00178,CC00410,IC50,=,2.3,nM,Homologous competitive binding assays were performed using AR42J tumor membranes bearing SSTr2.,,,
CHAF00179,CC00377,IC50,=,0.8,nM,Homologous competitive binding assays were performed using AR42J tumor membranes bearing SSTr2.,,,
CHAF00180,CC00396,IC50,=,0.72 ± 0.12,nM,Evaluate the binding capacity of compounds to SSTR2 via competitive binding assays.,,,
CHAF00181,CC00440,Kd,=,17.8,nM,The affinity of FITC-PA1 in H520 cells was determined by competitive receptor binding assays.,,,
CHAF00182,CC00440,Bmax,=,2.48±0.07,nM,The affinity of FITC-PA1 in H520 cells was determined by competitive receptor binding assays.,,,
CHAF00183,CC00452,IC50,=,15,nM,"Binding affinity to SSTR2 on AR42J cells, determined by competition with 125I-SS-14.",,,
CHAF00184,CC00373,IC50,=,15.50 ± 1.36,nM,Competitive binding assay in HCT116/SSTR2 cells,,,
CHAF00185,CC00417,IC50,=,0.74 ± 0.19 nM,nM,The SSTR2 receptor  binding aﬃnities  of  TOC peptides were determined by  competitive displacement  of  125I-[Tyr3]octreotide bound to  the SSTR2-positive AR42J cells.,,,
CHAF00186,LIG00207,IC50,,0.72 ± 0.12*,nM,,,,
CHAF00187,LIG00207,IC50,=,4.1 ± 0.2‖,nM,In vitro receptor binding assay sstr2-affinity,,,
CHAF00188,CC00418,IC50,=,0.73 ± 0.15,nM,In vitro receptor binding assay sstr2-affinity,,,
CHAF00189,CC00418,IC50,=,1.2 ± 0.2,nM,In vitro receptor binding assay sstr2-affinity,,,
CHAF00190,CC00422,​IC50,=,1.4 – 0.35,nM,The binding affinity of [HYNIC]-BOC was tested in a competition assay against [125I-Tyr3 ]octreotide as a radio ligand,,,
CHAF00191,CC00424,Kd,=,1.5,nM,Competitive binding,,,
CHAF00192,CC00423,Ki,,0.6,nM,Ki assays were preformed once with the cold standards of the NOTA-Y3-TATE analogues.,,,
CHAF00193,CC00437,Kd,=,200,nM,Binds to hSSTR2-5 with high affinity and to hSSTR1 with lower affinity,,,
CHAF00194,CC00441,IC50,=,1,nM,"By evaluating the binding affinity of compounds to SSTR2, it was found that highly selective for SSTR2 with only minor affinity to SSTR3 and SSTR4, and nearly no affinity to SSTR1 and SSTR5.",,,
CHAF00195,CC00441,IC50,=,364,nM,"By evaluating the binding affinity of compounds to SSTR4, it was found that highly selective for SSTR2 with only minor affinity to SSTR3 and SSTR4, and nearly no affinity to SSTR1 and SSTR5.",,,
CHAF00196,CC00441,IC50,=,712,nM,"By evaluating the binding affinity of compounds to SSTR3, it was found that highly selective for SSTR2 with only minor affinity to SSTR3 and SSTR4, and nearly no affinity to SSTR1 and SSTR5.",,,
CHAF00197,CC00441,IC50,>,10000,nM,"By evaluating the binding affinity of compounds to SSTR1, it was found that highly selective for SSTR2 with only minor affinity to SSTR3 and SSTR4, and nearly no affinity to SSTR1 and SSTR5.",,,
CHAF00198,CC00441,IC50,>,1000,nM,"By evaluating the binding affinity of compounds to SSTR5, it was found that highly selective for SSTR2 with only minor affinity to SSTR3 and SSTR4, and nearly no affinity to SSTR1 and SSTR5.",,,
CHAF00199,CC01165,IC50,=,1.5±0.2,nM,"By evaluating the binding affinity of compounds to SSTR2, it was found that high-affinity pansomatostatin ligand.",,,
CHAF00200,CC00389,IC50,=,2.54 ± 0.20,nM,The IC₅₀ values were determined by competitive binding assays using purified Chinese hamster ovary-K1 (CHO-K1) cell membranes overexpressing somatostatin receptor subtype 2.,,,
CHAF00201,CC00389,IC50,=,5.29,nM,The IC₅₀ values were determined by competitive binding assays using purified Chinese hamster ovary-K1 (CHO-K1) cell membranes overexpressing somatostatin receptor subtype 2.,,,
CHAF00202,CC00484,IC50,=,0.7-1.4 nM (for FAP),nM,Enzyme inhibition assay using Z-Gly-Pro-AMC as substrate.,,,
CHAF00203,CC00485,IC50,=,0.7-1.4 nM (for FAP),nM,Enzyme inhibition assay using Z-Gly-Pro-AMC as substrate.,,,
CHAF00204,LIG00549,IC50,=,0.6,nM,"Enzyme inhibition assay (protocol slightly different from reference, used Ala-Pro-pNA substrate).",,,
CHAF00205,LIG00549,IC50,=,0.6,nM,"Enzyme inhibition assay (protocol slightly different from reference, used Ala-Pro-pNA substrate).",,,
CHAF00206,CC00487,Kd,=,51,µM,The binding affinity of Ga-FSDD0I  with HSA was determined using the biolayer interferometry (BLI) technique.,,,
CHAF00207,CC00489,Kd,=,18,µM,The binding affinity of Ga-FSDD3I with HSA was determined using the biolayer interferometry (BLI) technique.,,,
CHAF00208,LIG00218,Kd,=,0.68,nM,"Among FAP-speciﬁc small organic ligands,OncoFAP is the compound with the highest afﬁnity described so far (Kd =680 pM)",,,
CHAF00209,LIG00218,IC50,=,16.8,nM,The binding affinity for human FAP of OncoFAP was measured by fluorescence polarization,,,
CHAF00210,LIG00218,IC50,=,14.5,nM,The binding affinity for murine FAP of OncoFAP was measured by fluorescence polarization,,,
CHAF00211,CC00459,IC50,=,141.3,pM,Determined in enzymatic assay using hFAP and substrate Z-Gly-Pro-AMC,,,
CHAF00212,CC00460,IC50,=,120.5,pM,Determined in enzymatic assay using hFAP and substrate Z-Gly-Pro-AMC,,,
CHAF00213,CC00461,IC50,=,40.1,pM,Determined in enzymatic assay using hFAP and substrate Z-Gly-Pro-AMC,,,
CHAF00214,CC00462,IC50,=,105.1,pM,Determined in enzymatic assay using hFAP and substrate Z-Gly-Pro-AMC,,,
CHAF00215,LIG00217,IC50,=,4.23,nM,The binding affinity of the compound for human (hu) FAP was determined by recombinant enzyme activity assay.,,,
CHAF00216,LIG00217,IC50,=,4.56,nM,The binding affinity of the compound for murine (mu) FAP was determined by recombinant enzyme activity assay.,,,
CHAF00217,CC00465,IC50,=,110 - 127,nM,Competitive binding vs. [177Lu]Lu-FAP-2286 in A549-FAP cells.,,,
CHAF00218,LIG00217,IC50,=,17.64±0.58,nM,competition assays,,,
CHAF00219,LIG00217,IC50,=,11.45 ± 0.85,nM,competition assays,,,
CHAF00220,CC00466,IC50,=,17.64±0.58,nM,,,,
CHAF00221,CC00468,IC50,=,157.8±14.5,pM,"Co-incubate test ligands at different concentrations with hFAP protein at a fixed concentration. Detect the inhibitory effect of the ligands on specific binding, fit a dose-response curve to calculate the IC50 value. A lower IC50 value indicates a higher affinity of the ligand for hFAP.",,,
CHAF00222,CC00469,IC50,=,39.4±16.1,pM,"Co-incubate test ligands at different concentrations with hFAP protein at a fixed concentration. Detect the inhibitory effect of the ligands on specific binding, fit a dose-response curve to calculate the IC50 value. A lower IC50 value indicates a higher affinity of the ligand for hFAP.",,,
CHAF00223,CC00470,IC50,=,634.3±102.3,pM,"Co-incubate test ligands at different concentrations with hFAP protein at a fixed concentration. Detect the inhibitory effect of the ligands on specific binding, fit a dose-response curve to calculate the IC50 value. A lower IC50 value indicates a higher affinity of the ligand for hFAP.",,,
CHAF00224,CC02012,IC50,=,247.6 ± 71.1,pM,All the ligands showed excellent inhibition properties on hFAP,,,
CHAF00225,CC02172,IC50,=,247.0 ± 17,pM,All the ligands showed excellent inhibition properties on hFAP,,,
CHAF00226,CC00472,IC50,=,−10.0,kcal/mol,Affinity score of the optimal conformation determined by molecular coupling (AutoDock Vina 1.1.2).,,,
CHAF00227,CC00472,Kd​,＜,10.09,pM,"The affinity of H3RESCA-FAPI for FAP protein is slightly higher than that of DOTA-FAPI-04, which is consistent with the results o",,,
CHAF00228,CC01174,IC50,=,0.71,nM,FAP enzymatic inhibition,,,
CHAF00229,CC01174,IC50,=,2.78 nM,,"FAP-HXN inhibited FAP enzymatic activity using recombinant human and mouse FAP in vitro, showing mean inhibitory concentration of 50% (IC50) values of 0.71 and 2.78 nM",,,
CHAF00230,CC01174,IC50,=,10,μM,"FAP-HXN demonstrated minimal activity against the DPP4 and PREP proteases, with IC50 values over 10 and 1 μM, respectively",,,
CHAF00231,CC01174,IC50,=,1,μM,"FAP-HXN demonstrated minimal activity against the DPP4 and PREP proteases, with IC50 values over 10 and 1 μM, respectively",,,
CHAF00232,CC00473,IC50,=,11.43±1.66,nM,The binding affinity of BiFAPI (IC50: 11.43 ± 1.66 nM)  in HT1080-hFAP cells,,,
CHAF00233,CC00473,IC50,=,6.58 ± 1.60,nM,The binding affinity of BiFAPI (IC50: 11.43 ± 1.66 nM)  in HT1080-hFAP cells,,,
CHAF00234,CC00133,IC50,,4.04 ± 1.64,nM,The binding affinity of BiFAPI (IC50: 11.43 ± 1.66 nM)  in HT1080-hFAP cells,,,
CHAF00235,CC00474,Kd,=,1.61,pM,SPR study was performed in single-cycle mode to investigate the molecule-target interaction kinetics,,,
CHAF00236,CC00474,IC50,=,21.6 ±2.34,nM,The competition assays were performed using HT1080-FAP cells,,,
CHAF00237,CC00475,Kd,=,24.9,pM,SPR study was performed in single-cycle mode to investigate the molecule-target interaction kinetics,,,
CHAF00238,CC00475,IC50,=,43.1 ± 3.75,nM,The competition assays were performed using HT1080-FAP cells,,,
CHAF00239,CC00479,IC50,=,0.47,nM,,,,
CHAF00240,CC00480,IC50,=,0.16,nM,Fluorogenic substrates,,,
CHAF00241,CC00133,IC50,=,0.89,nM,,,,
CHAF00242,CC00498,IC50,=,8,nM,The IC50 value was used to evaluate the affinity of the probe for the FAP protein in protein.,,,
CHAF00243,CC00498,IC50,=,23,nM,The IC50 value was used to evaluate the affinity of the probe for the FAP protein and the specificity for DPPIV  proteins in cells.,,,
CHAF00244,CC00498,IC50,>,1000,nM,The IC50 value was used to evaluate the affinity of the probe for the FAP protein and the specificity for PREP proteins,,,
CHAF00245,CC00499,IC50,=,2.29 ± 1.12,nM,Binding affinity of precursor LuFL(20) towards FAP,,,
CHAF00246,CC00499,IC50,=,2.53 ± 1.87,nM,Binding affinity of [natLu]Lu-LuFL(21) towards FAP,,,
CHAF00247,CC00500,IC50,=,13,pM,Against FAP,,,
CHAF00248,CC00501,IC50,=,0.26±0.04,nM,IC50 measurements for FAP,,,
CHAF00249,CC00501,IC50,=,0.59±0.10,μM,IC50 measurements for PREP,,,
CHAF00250,CC00501,IC50,=,1.19±0.08,μM,IC50 measurements for DPP4,,,
CHAF00251,CC00501,IC50,=,0.029±0.004,μM,IC50 measurements for DPP8,,,
CHAF00252,CC00501,IC50,=,0.083±0.0015,μM,IC50 measurements for DPP9,,,
CHAF00253,LIG00217,IC50,=,0.43±0.02,nM,IC50 measurements for FAP,,,
CHAF00254,LIG00217,IC50,=,1.80±0.01,μM,IC50 measurements for PREP,,,
CHAF00255,LIG00217,IC50,=,>10,μM,IC50 measurements for DPP4,,,
CHAF00256,LIG00217,IC50,=,>10,μM,IC50 measurements for DPP8,,,
CHAF00257,LIG00217,IC50,=,4.70±0.40,μM,IC50 measurements for DPP9,,,
CHAF00258,CC00501,IC50,=,0.33±0.02,nM,IC50 measurements for FAP by using [natLu]Lu-DOTAGA.Glu.(FAPi)2,,,
CHAF00259,CC00501,IC50,=,0.33±0.02,μM,IC50 measurements for PREP by using [natLu]Lu-DOTAGA.Glu.(FAPi)2,,,
CHAF00260,CC00501,IC50,=,0.65±0.04,μM,IC50 measurements for DPP4 by using [natLu]Lu-DOTAGA.Glu.(FAPi)2,,,
CHAF00261,CC00501,IC50,=,0.22±0.02,μM,IC50 measurements for DPP8 by using [natLu]Lu-DOTAGA.Glu.(FAPi)2,,,
CHAF00262,CC00501,IC50,=,0.19±0.01,μM,IC50 measurements for DPP9 by using [natLu]Lu-DOTAGA.Glu.(FAPi)2,,,
CHAF00263,CC00506,IC50,=,15.6 ± 2.3,nM,In vitro cell competition binding study to U87MG (high FAP expression) cells,,,
CHAF00264,CC00507,IC50,=,219.3 ± 33.5,nM,In vitro cell competition binding study to U87MG (high FAP expression) cells,,,
CHAF00265,CC00508,IC50,=,67.5 ± 3.3,nM,In vitro cell competition binding study to U87MG (high FAP expression) cells,,,
CHAF00266,CC00511,Ki,=,1.23 ± 0.08,nM,The binding affinities to PSMA were measured by a cell-based competition binding assay using PSMA-expressing LNCaP prostate cancer cells,,,
CHAF00267,CC00511,IC50,=,10.9 ± 0.67,nM,Competitive binding assays were carried out by adding recombinant human FAP.,,,
CHAF00268,CC00512,Ki,=,28.7 ± 6.05,nM,The binding affinities to PSMA were measured by a cell-based competition binding assay using PSMA-expressing LNCaP prostate cancer cells,,,
CHAF00269,CC00512,IC50,=,16.7 ± 1.53,nM,Competitive binding assays were carried out by adding recombinant human FAP.,,,
CHAF00270,CC00513,IC50,=,0.17,nM,,,,
CHAF00271,CC00514,IC50,=,2.2,nM,"To evaluate the FAP affinity of the ligands, IC50 values were measured by the IC50 enzyme assay for 1 h.",,,
CHAF00272,CC00515,IC50,=,1.9,nM,"To evaluate the FAP affinity of the ligands, IC50 values were measured by the IC50 enzyme assay for 1 h.",,,
CHAF00273,CC00516,IC50,=,3.3,nM,"To evaluate the FAP affinity of the ligands, IC50 values were measured by the IC50 enzyme assay for 1 h.",,,
CHAF00274,CC00519,IC50,=,12 ± 0.6,nM,Selective Inhibition of FAP,,,
CHAF00275,CC00517,IC50,=,3.9 ± 0.3,nM,Selective Inhibition of FAP,,,
CHAF00276,CC00133,IC50,=,3.94 ± 0.24,nM,competitive binding assays using HT1080-FAP cells and [177Lu]Lu-FAPI-04,,,
CHAF00277,CC01186,IC50,=,11.9,nM,Competitive binding assay on U87MG-FAP cells,,,
CHAF00278,CC00133,IC50,=,12.2,nM,Competitive binding assay on U87MG-FAP cells,,,
CHAF00279,CC00522,Ki,=,0.14–0.27,nM,Recombinant human protein binding assay for PSMA,,,
CHAF00280,CC00522,Ki,=,0.74–1.02,,Recombinant human protein binding assay for FAP,,,
CHAF00281,CC00525,IC50,=,13.4,pM,Inhibition of hFAP proteolytic activity using Z-GlyPro-AMC substrate,,,
CHAF00282,LIG00556,Kd,=,38,pM,Biolayer interferometry,,,
CHAF00283,CC01193,IC50,=,1.82,nM,Competition binding assay in BxPC-3 cells,,,
CHAF00284,LIG00228,Kd,=,2.61 *  10^-9,M,Biolayer interferometry (BLI),,,
CHAF00285,CC01196,Kd,=,0.181–1.84,nM,Saturation binding assay with 125I-4A06 on bladder cancer cell lines,,,
CHAF00286,CC01197,Kd,=,0.181–1.84,nM,Saturation binding assay with 125I-4A06 on bladder cancer cell lines,,,
CHAF00287,LIG00566,Kd,=,965.9,pM,Surface Plasmon Resonance (SPR) with immobilized human Trop2,,,
CHAF00288,LIG00568,KD,<,11,nM,,,,
CHAF00289,LIG00231,EC50,=,94.99,nM,Binding affinity to TROP-2 by ELISA,,,
CHAF00290,LIG00231,EC50,=,94.99,nM,Binding affinity to TROP-2 by ELISA,,,
CHAF00291,LIG00235,Kd,=,1.066 *  10^-10,M,Surface plasmon resonance (SPR) with recombinant TIP1 protein,,,
CHAF00292,LIG00578,Ka ,=,4 * 10^9,M⁻¹,High-affinity immunoglobulin G1 mAb reactive with CAIX,,,
CHAF00293,CC01243,IC50,=,13.7,nM,Determined by TR-FRET assay (PD-1/PD-L1 interaction inhibition),,,
CHAF00294,CC01244,IC50,=,16.5,nM,Determined by TR-FRET assay (PD-1/PD-L1 interaction inhibition),,,
CHAF00295,CC01245,IC50,=,18.7,nM,Determined by TR-FRET assay (PD-1/PD-L1 interaction inhibition),,,
CHAF00296,CC01246,IC50,=,15.4,nM,Determined by TR-FRET assay (PD-1/PD-L1 interaction inhibition),,,
CHAF00297,LIG00246,KD,=,0.24,nM,Determined by SPR measurements for human PD-L1,,,
CHAF00298,LIG00599,KD,=,0.8,nM,High affinity binding to human PD-L1 determined by SPR,,,
CHAF00299,LIG00237,KD,=,23,nM,High affinity binding to PD-L1,,,
CHAF00300,CC01253,KD,=,47.23,pM,Determined by SPR measurements for human PD-L1,,,
CHAF00301,CC01254,KD,=,79.51,pM,Determined by SPR measurements for human PD-L1,,,
CHAF00302,CC01255,KD,=,105.6,pM,Determined by SPR measurements for human PD-L1,,,
CHAF00303,LIG00600,KD,=,3.38,pM,"ABDRW102 has a high affinity with HSA, with corresponding KD valu",,,
CHAF00304,LIG00600,KD,=,52.74,pM,"ABDRW102 has a high affinity with MSA, with corresponding KD valu",,,
CHAF00305,LIG00601,KD,=,2.582,nM,Determined by SPR measurements for mouse PD-L1,,,
CHAF00306,LIG00612,KD,=,1.38,nM,High affinity binding to human PD-L1,,,
CHAF00307,LIG00613,KD,=,25.1,nM,Moderate affinity binding to PD-L1,,,
CHAF00308,LIG00616,EC50,=,7.8 * 10^−10 ,M,Enzyme-linked immunosorbent assay (ELISA) analysis of the binding affinities of anti-PD-L1 Fab fragments for wild type,,,
CHAF00309,LIG00616,EC50,=,7.3 * 10^−10,M,Enzyme-linked immunosorbent assay (ELISA) analysis of the binding affinities of anti-PD-L1 Fab fragments for the mutant,,,
CHAF00310,LIG00237,IC50,=,22,nM,Efficiently inhibits PD-1/PD-L1 interaction,,,
CHAF00311,LIG00623,IC50,=,1.45,nM,in vitro competitive binding assay in B16F10 cells,,,
CHAF00312,CC01284,IC50,=,4.15,nM,in vitro competitive binding assay in B16F10 cells,,,
CHAF00313,LIG00624,IC50,=,0.32,nM,in vitro competitive binding assay in B16F10 cells,,,
CHAF00314,LIG00625,Ka,=,9.9,nM,Protease-activatable antibody with masked binding region for human PD-L1,,,
CHAF00315,LIG00625,Ka,=,152,nM,Protease-activatable antibody with masked binding region for murine PD-L1,,,
CHAF00316,LIG00626,KD,=,0.26,nM,The binding affinity for human protein was assessed by SPR technology,,,
CHAF00317,LIG00626,KD,=,0.284,nM,The binding affinity for monkey protein was assessed by SPR technology,,,
CHAF00318,CC01287,KD,=,389,PM,The binding affinity of  DFO-REGN3504 was also assessed by SPR technology for monomeric human  PD-L1,,,
CHAF00319,CC01287,KD,=,481,PM,The binding affinity of  DFO-REGN3504 was also assessed by SPR technology for monomeric and monkey PD-L1,,,
CHAF00320,LIG00626,KD,=,4.38,nM,REGN3504  blocked the interaction of human PD-L1 and CD80 with IC50 values of 4.38 nM,,,
CHAF00321,CC01287,KD,=,5.12,nM,DFO-REGN3504 blocked the interaction of human PD-L1 and CD80 with IC50 values of 5.12 nM,,,
CHAF00322,LIG00626,KD,=,4.22,nM,REGN3504 blocked the interaction of monkey PD-L1 and human CD80 with IC50 values of 4.22 nM,,,
CHAF00323,CC01287,KD,=,5.63,nM,REGN3504 and DFO-REGN3504 blocked the interaction of monkey PD-L1 and human CD80 with IC50 values of 5.63 nM,,,
CHAF00324,LIG00626,KD,=,260,PM,The binding affinity of  REGN3504 was also assessed by SPR technology for monomeric human and monkey PD-L1,,,
CHAF00325,CC01287,KD,=,280,PM,The binding affinity of  DFO-REGN3504 was also assessed by SPR technology for monomeric human and monkey PD-L1,,,
CHAF00326,CC00587,Kd,=,0.64,nM,"The affinity of DN68 to Nectin4 was determined using surface plas mon resonance (SPR) technology at Nanjing Genscriptprobio. The experiments were conducted with an SPR biosensor (Biacore 8K, Cytiva, USA) to obtain the Kd value. The recombinant human Nectin4-His protein (NE4-H52H3, Acro Biosystems) was employed for SPR detection, and data were collected under pH7.4 PBS-P buffer conditions with a Flow rate of 30 μL/mL Nectin4, utilizing a 1:1 binding ratio.",,,
CHAF00327,CC00589,KD,=,23.7,nM,Surface Plasmon Resonance (SPR) (from previous study),,,
CHAF00328,CC00590,KD,=,1.718,nM,Surface Plasmon Resonance (SPR) (from previous study),,,
CHAF00329,CC00591,EC₅₀,=,0.83,μg/mL,Determined by ELISA,,,
CHAF00330,CC00592,EC₅₀,=,0.83,μg/mL,Determined by ELISA,,,
CHAF00331,LIG00629,IC50,=,27,nM,,,,
CHAF00332,CC01299,IC50,=,13.1 ± 2.2,nM,"Competitive binding assay on LNCaP cells with [125I]I-BA-KuE as radioligand, 4°C, 1 h",,,
CHAF00333,CC00619,KD,=,2.3,nM,IC50 = 2.3 nM in vitro PSMA binding,,,
CHAF00334,CC01301,KD,=,3.3 ± 0.2,nM,Kd = 3.3 ± 0.2 nM in PSMA+ cells,,,
CHAF00335,CC01304,KD,=,4.5,nM,Saturation ELISA,,,
CHAF00336,CC01305,KD,=,27.4,nM,Saturation binding on PC-310 tumor frozen sections,,,
CHAF00337,CC01308,KD,=,8.6,nM,Biacore analysis,,,
CHAF00338,LIG00267,KD,=,4.7,nM,,,,
CHAF00339,CC01328,KD,=,1.76 ± 0.69,nM,Binding affinity to PSMA on intact LNCaP cells,,,
CHAF00340,CC00617,Kd,=,19.3 ± 2.5,nM,68/natGa-CC34 xhibited high affinity for the LNCaP cells,,,
CHAF00341,CC00617,Kd,=,27.5 ± 2.7,nM,64/natGa-CC34 xhibited high affinity for the LNCaP cells,,,
CHAF00342,CC00617,Kd,=,5.5 ± 0.9,nM,11/natIn-CC34 xhibited high affinity for the LNCaP cells,,,
CHAF00343,CC00619,Kd,=,5.4 ± 0.8,nM,Saturation binding assay on PSMA-positive LNCaP cells.,,,
CHAF00344,LIG00268,IC50,=,4.3,nM,,,,
CHAF00345,LIG00267,IC50,=,58.2,nM,"Determined by in vitro competition binding assays using 22Rv1-FOLH1-oe (PSMA+) cells, with [177Lu]Lu-PSMA-617 as ""hot"" ligand",,,
CHAF00346,CC00659,IC50,=,​​187 ± 41,nM,Competitive cell-binding assay using PSMA-positive LNCaP cells and 125I-12 as the radioligand.,,,
CHAF00347,CC00660,Ki,=,0.01,nM​,,,,
CHAF00348,CC01350,IC50,=,15.6,nM,Binding affinity to PSMA on PC3-PIP cells,,,
CHAF00349,CC01351,Ki,=,5.74±2.48,nM,Determined by in vitro competition binding assay using LNCaP cells and 18F-DCFPyL as radioligand.,,,
CHAF00350,CC01352,Ki,=,25.7±9.84,nM,Determined by in vitro competition binding assay using LNCaP cells and 18F-DCFPyL as radioligand.,,,
CHAF00351,CC01357,IC50,=,5.9,nM,Competitive binding assay  in LNCaP cells,,,
CHAF00352,CC01356,IC50,=,65,nM,Competitive binding assay  in LNCaP cells,,,
CHAF00353,CC01357,IC50,=,4.8,nM,Competitive binding assay  in LNCaP cells,,,
CHAF00354,CC01356,IC50,=,90,nM,Competitive binding assay  in LNCaP cells,,,
CHAF00355,CC01360,Ki,=,2.23,nM,Determined by NAALADase assay using LNCaP cell lysates,,,
CHAF00356,CC00673,Kd,=,0.51,µM,Surface Plasmon Resonance (SPR) binding assays,,,
CHAF00357,CC00677,KD,=,0.32,nM,Surface plasmon resonance (SPR),,,
CHAF00358,CC00677,KD,=,0.32,nM,Surface plasmon resonance (SPR),,,
CHAF00359,CC00680,IC50,=,104.7,nM,Competitive cell-binding assay in PC-3 cells,,,
CHAF00360,CC00682,Kd,=,0.35 ± 0.15,nM,Binding affinity between NYM036 and PSMA protein determined by in vitro assay in LNCaP cells.,,,
CHAF00361,CC00693,IC50,=,22.8±3.6,nM,Competitive binding assay on PC3 PIP cells,,,
CHAF00362,CC00694,IC50,=,62.0 ± 13.3,nM,Competitive binding assay on PC3 PIP cells,,,
CHAF00363,CC00708,IC50,=,1.66 ± 0.63,nM,NAALADase assay with recombinant human PSMA,,,
CHAF00364,CC00709,IC50,=,1.05 ± 0.30,nM,NAALADase assay with recombinant human PSMA,,,
CHAF00365,CC00710,IC50,=,10.77,nM,Competition binding assay in 22Rv1 tumor cells,,,
CHAF00366,LIG00657,KD,=,7.4,nM,ELISA assay,,,
CHAF00367,LIG00664,KD,=,10.5 ± 4.0 nM,nM,Binding affinity determined by flow cytometry and saturation binding assay,,,
CHAF00368,CC01375,KD,=,3.7,nM,Saturation binding assay on 22Rv1 cells,,,
CHAF00369,LIG00280,Kd,=,1.6 * 10^-8 M,M,Binding to HER2-positive SK-BR-3 cells,,,
CHAF00370,CC00756,Kd,=,7.2 * 10^-8,M,Binding to HER2-positive SK-BR-3 cells,,,
CHAF00371,CC01388,Kd,=,18,PM,High affinity to HER2 and albumin,,,
CHAF00372,CC00757,KD,=,0.2,nM,Subnanomolar affinity to HER2,,,
CHAF00373,LIG00283,KD,,80,pM,Biosensor analysis (Biacore),,,
CHAF00374,CC00758,KD,=,280,pM,Biosensor analysis (Biacore),,,
CHAF00375,CC00759,KD,=,250,pM,Biosensor analysis (Biacore),,,
CHAF00376,LIG00279,Kd,=,0.1–1,nM,High affinity to HER2/neu,,,
CHAF00377,CC01391,KD,=,3,nM,High affinity binding to HER2,,,
CHAF00378,CC01395,KD,=,63.4 ± 11.5,nM,,,,
CHAF00379,CC01396,KD,=,57.3 ± 15.4,nM,,,,
CHAF00380,LIG00280,KD,=,0.5,nM,Biolayer interferometry (BLI),,,
CHAF00381,CC00772,KD,=,20,nM,Biolayer interferometry (BLI),,,
CHAF00382,LIG00295,KD,=,280,pM,"In surfaceplasmon resonance (SPR), the interactionbetweenZHER2-HP15andHP16was characterizedbyahigh(KD=280pM)bindingaffinitywitha very slowdissociation rate (kd = 1.2×10−5 s−1)",,,
CHAF00383,LIG00295,Kd,=,1.2*10^−5,s^−1,,,,
CHAF00384,CC00785,KD,=,1.44E-10,M,SPR,,,
CHAF00385,CC00785,KD,=,2.99 * 10^-11,M,Kinetic parameters of the interaction between PEP40233 and HER2,,,
CHAF00386,CC00785,KD,=,5.20 * 10^-11,M,Kinetic parameters of the interaction between PEP40233 and HSA,,,
CHAF00387,CC00785,KD,=,1.44 * 10^-10,M,Kinetic parameters of the interaction between PEP40233 and MSA,,,
CHAF00388,CC00785,KD,=,5.30 * 10^-9,M,HER2 in the presence of 100 nM HSA,,,
CHAF00389,CC00785,KD,=,6.42 * 10^-9,M,HER2 in the presence of 100 nM MSA,,,
CHAF00390,LIG00302,KD,=,4.2,nM,,,,
CHAF00391,LIG00288,IC50,=,7.48±3.26,nM,Comparison of HER2 binding affinity between HYNIC-H6F and HER2 positive MDA-MB-453 cells through competitive binding assay with H6F,,,
CHAF00392,CC00794,IC50,=,11.25±2.14,nM,Comparison of HER2 binding affinity between HYNIC-H6F and HER2 positive MDA-MB-453 cells through competitive binding assay with H6F,,,
CHAF00393,CC01481,KD,=,65,pM,"The affinity was determined through in vitro binding assays using HER2-expressing cell lines, where the dissociation constant KD of 65 pM was calculated based on saturation binding and kinetic analysis.",,,
CHAF00394,LIG00697,KD,=,27,nM,Uses the high-affinity HER2 RNA aptamer (Kd = 27 nM) but exhibits poor tumor targeting due to unfavorable pharmacokinetics caused by the Tricine co-ligand.,,,
CHAF00395,LIG00283,KD,=,29,nM,,,,
CHAF00396,LIG00697,KD,=,56 ± 6.5,pM,"Affinity was determined by in vitro cell binding assays using HER2-expressing cell lines (e.g., SKOV-3), where receptor blocking with cold ligand confirmed picomolar-range specificity and affinity.",,,
CHAF00397,CC00802,KD,=,500,pM,"The binding affinity (KD) was determined by surface plasmon resonance (SPR) analysis using a Biacore 2000 instrument, with recombinant HER2 as the immobilized ligand.",,,
CHAF00398,CC00803,KD,=,230,pM,"The binding affinity (KD) was determined by surface plasmon resonance (SPR) analysis using a Biacore 2000 instrument, with recombinant HER2 as the immobilized ligand.",,,
CHAF00399,CC00804,KD,=,490,pM,"The binding affinity (KD) was determined by surface plasmon resonance (SPR) analysis using a Biacore 2000 instrument, with recombinant HER2 as the immobilized ligand.",,,
CHAF00400,CC00805,KD,=,410,pM,"The binding affinity (KD) was determined by surface plasmon resonance (SPR) analysis using a Biacore 2000 instrument, with recombinant HER2 as the immobilized ligand.",,,
CHAF00401,CC01487,KD,=,27,nM,Uses the high-affinity HER2 RNA aptamer (Kd = 27 nM) but exhibits poor tumor targeting due to unfavorable pharmacokinetics caused by the Tricine co-ligand.,,,
CHAF00402,CC01488,KD,=,27,pM,"Affinity was determined by in vitro cell binding assays using HER2-expressing cell lines (e.g., SKOV-3), where receptor blocking with cold ligand confirmed picomolar-range specificity and affinity.",,,
CHAF00403,LIG00697,KD1,=,0.8,nM,"The affinity was determined using saturation binding assays with Scatchard analysis on OK cells, revealing two binding sites with KD values of 0.8 nM and 9.2 nM. Competitive inhibition assays (IC50) further confirmed high-affinity binding in the low nanomolar range.",,,
CHAF00404,LIG00697,KD2,=,9.2,nM,"The affinity was determined using saturation binding assays with Scatchard analysis on OK cells, revealing two binding sites with KD values of 0.8 nM and 9.2 nM. Competitive inhibition assays (IC50) further confirmed high-affinity binding in the low nanomolar range.",,,
CHAF00405,CC01492,KD,=,0.4,nM,"Surface plasmon resonance (SPR) analysis on a Biacore 3000 instrument with immobilized human HER2, fitting binding curves to a 1:1 Langmuir model to determine kinetic constants",,,
CHAF00406,LIG00283,KD,=,22,pM,The affinity (Kd = 22 pM) of the ZHER2:342 Affibody ligand was not measured in this study; it was cited from previous work which likely used surface plasmon resonance (SPR) or similar biophysical techniques.,,,
CHAF00407,CC00768,KD,=,74,pM,Surface plasmon resonance (Biacore) for HER2 affinity; referenced data for ABD035-albumin affinity.,,,
CHAF00409,CC00811,KD,=,4.76,nm,The binding affinity (KD) was determined by surface plasmon resonance (SPR) analysis using a Biacore 3000 instrument.,,,
CHAF00410,CC01500,KD,=,13.5,pM,Surface Plasmon Resonance (SPR) using a Biacore 3000 instrument. Low-density immobilization of HER2-ECD on a CMS chip to measure monomeric affinity. Analyzed with a 1:1 binding model.,,,
CHAF00411,CC01508,KD,=,15,pM,"Identical SPR methodology as above (Biacore 3000, HER2-ECD chip). Tested at concentrations from 0.17 to 6 nM to determine the equilibrium dissociation constant (K_D).",,,
CHAF00412,CC01509,KD,=,133,pM,"Real-time biosensor analysis using surface plasmon resonance (SPR) on a Biacore 3000. HER2-Fc was immobilized on a CMS chip, and kinetic parameters (ka, kd) were determined by fitting sensorgrams to a 1:1 binding model.",,,
CHAF00413,CC01510,KD,=,107,pM,"Surface plasmon resonance (SPR) with a Biacore 3000 instrument. Purified conjugate was injected over a chip with immobilized HER2-Fc, and the equilibrium dissociation constant (KD) was calculated from the kinetic rate constants.",,,
CHAF00414,CC01511,KD,=,94,pM,"Affinity was determined by biosensor analysis via SPR. Serial dilutions of the conjugate were analyzed for binding to immobilized HER2 extracellular domain, and KD was derived using a 1:1 Langmuir binding model.",,,
CHAF00415,CC02158,KD,=,22,pM,"The affinity of its precursor Z<sub>HER2:342 (22 pM) was determined by SPR (Biacore), a standard method for measuring real-time biomolecular interactions.",,,
CHAF00416,CC01524,KD,=,18.6,nM,Cell binding assay,,,
CHAF00417,LIG00722,KD,=,271 ± 151,nM,Peptide ELISA with HER3 ECD immobilized,,,
CHAF00418,LIG00832,Kd,=,1~5,nM,Binds to domain,,,
CHAF00419,LIG00833,Kd,=,1~5,nM,Binds to domain,,,
CHAF00420,CC01538,KD,=,0.25,nM,Surface plasmon resonance,,,
CHAF00421,CC01540,KD,=,0.2,nM,Surface plasmon resonance,,,
CHAF00422,LIG00711,Kd,=,2.2,nM,Surface plasmon resonance,,,
CHAF00423,CC00847,KD,=,4.5,nM,Surface plasmon resonance,,,
CHAF00424,CC01509,KD,=,133,pM,Cell binding and internalization assay using SKOV3 cells,,,
CHAF00425,CC01560,KD,=,9.6 ± 2.0,nM,FACS,,,
CHAF00426,CC01573,Kd,=,5,nM,Binds with high affinity to HER2,,,
CHAF00427,LIG00679,KD,=,3.14 ± 0.05,nM,SPR (Biacore),,,
CHAF00428,CC01579,KD,=,4.06± 0.07,nM,SPR (Biacore),,,
CHAF00429,CC01584,KD,=,0.13,nM,"SPR, Biacore 3000",,,
CHAF00430,CC01585,KD,=,0.14,nM,"SPR, Biacore 3000",,,
CHAF00431,CC01586,KD,=,0.09,nM,"SPR, Biacore 3000",,,
CHAF00432,LIG00717,KD,=,29,pM,Cell binding assay (SKOV-3 cells); antigen-binding capacity evaluated via receptor saturation,,,
CHAF00433,LIG00697,KD,=,27,pM,Cell binding assay (SKOV-3 cells); antigen-binding capacity = 86%±1.6% (SKOV-3 cells),,,
CHAF00434,CC01599,KD,=,72,pM,Surface plasmon resonance (Biacore),,,
CHAF00435,CC01601,KD,=,74,pM,Surface plasmon resonance (Biacore),,,
CHAF00436,LIG00372,IC50,=,4.4,nM,,,,
CHAF00437,LIG00267,IC50,=,25.2,nM,,,,
CHAF00438,LIG00342,IC50,=,4.28 ± 0.33 nM,,,,,
CHAF00440,CC00898,IC50,=,3.5,nM,Competitive binding assay on PC295 xenograft sections,,,
CHAF00441,CC00937,KD,=,2,nM,,,,
CHAF00442,CC01603,IC50,=,7.2,nM,Competition binding vs [125I-Tyr4]BBN in PC-3 cells,,,
CHAF00443,CC00923,IC50,=,8.2,nM,Competition binding vs [125I-Tyr4]BBN in PC-3 cells,,,
CHAF00444,CC01604,IC50,=,5.4,nM,Competition binding vs [125I-Tyr4]BBN in PC-3 cells,,,
CHAF00445,CC00855,IC50,=,1.28,nM,Competition binding vs [125I-Tyr4]BBN in PC-3 membranes,,,
CHAF00446,CC00851,IC50,=,1.24,nM,Competition binding in PC-3 cells,,,
CHAF00447,CC00922,IC50,=,4~7,nM,Competitive binding assay in PC3 cells,,,
CHAF00448,CC00922,IC50,=,10~16,nM,Competitive binding assay in LNCaP cells,,,
CHAF00449,CC01605,IC50,=,1.97,nM,Competitive binding assay,,,
CHAF00450,CC00857,IC50,=,2.79,nM,Competitive binding assay,,,
CHAF00451,CC00931,IC50,=,0.73 6 0.42,nM,Displacement of [125I-Tyr4]BBN from GRPR on PC-3 membranes,,,
CHAF00452,CC00932,IC50,=,2.03 6 1.06,,Displacement of [125I-Tyr4]BBN from GRPR on PC-3 membranes,,,
CHAF00453,CC00933,IC50,=,2.96 61.33,,Displacement of [125I-Tyr4]BBN from GRPR on PC-3 membranes,,,
CHAF00454,CC00934,IC50,=,5 9.29 6 3.55,,Displacement of [125I-Tyr4]BBN from GRPR on PC-3 membranes,,,
CHAF00455,CC00935,IC50,=,0.28 6 0.02,,Displacement of [125I-Tyr4]BBN from GRPR on PC-3 membranes,,,
CHAF00456,CC00936,IC50,=,1.78 6 0.32,nM,Displacement of [125I-Tyr4]BBN from GRPR on PC-3 membranes,,,
CHAF00457,LIG00740,IC50,=,5 1.66 ± 0.12,nM,Displacement of [125I-Tyr4]BBN from GRPR on PC-3 membranes,,,
CHAF00458,CC01608,IC50,=,2.3 ± 0.2,nM,Against [125I-Tyr⁴]BBN in PC-3 membranes,,,
CHAF00459,CC01609,Kd,=,1.1,μM,Dissociation constant,,,
CHAF00460,CC00925,IC50,=,1.33 ± 0.09,nM,,,,
CHAF00461,CC00925,IC50,=,0.37 ± 0.03,nM,"Displacement of [125I]I-[Tyr4]BBN by increasing concentrations of DB15 ( IC50 = 0.37 ± 0.03 nM) or [Tyr4]BBN ( reference, 1.33 ± 0.09 nM) from PC-3 cell membrane homogenates",,,
CHAF00462,CC00926,IC50,=,0.93 ± 0.01,nM,Displacement of [125I][I-Tyr4]BBN from GRPR binding sites in PC-3 cell membranes by increasing concentrations,,,
CHAF00463,CC00927,IC50,=,1.03 ± 0.01,nM,Displacement of [125I][I-Tyr4]BBN from GRPR binding sites in PC-3 cell membranes by increasing concentrations,,,
CHAF00464,CC00928,IC50,=,1.18 ± 0.09,nM,Displacement of [125I][I-Tyr4]BBN from GRPR binding sites in PC-3 cell membranes by increasing concentrations,,,
CHAF00465,LIG00128,IC50,=,0.12 ± 0.03,nM,All of these peptides inhibited the GRPR-binding of 125I-[Tyr4]BBN on PC-3 cells in a concentration-dependent manner,,,
CHAF00466,LIG00128,IC50,=,0.32 ± 0.08,nM,All of these peptides inhibited the GRPR-binding of 125I-[Tyr4]BBN on PC-3 cells in a concentration-dependent manner,,,
CHAF00467,CC00929,IC50,=,1.3 ± 0.35,nM,All of these peptides inhibited the GRPR-binding of 125I-[Tyr4]BBN on PC-3 cells in a concentration-dependent manner,,,
CHAF00468,CC00930,IC50,=,3.5 ± 0.85,nM,All of these peptides inhibited the GRPR-binding of 125I-[Tyr4]BBN on PC-3 cells in a concentration-dependent manner,,,
CHAF00469,CC00854,IC50,=,2.8 ±0.2,nM,Competitive binding assay PEG2,,,
CHAF00470,CC00917,IC50,=,4.7 ±0.7,nM,Competitive binding assay,,,
CHAF00471,CC00918,IC50,=,2 ±0.2,nM,Competitive binding assay,,,
CHAF00472,CC01001,IC50,=,4.4 ± 0.4,nM,Competitive binding assay PEG2,,,
CHAF00473,CC01614,IC50,=,0.32 ± 0.03,nM,Displacement of 125I-[Tyr⁴]BBN on PC-3 cell membranes,,,
CHAF00474,CC01615,IC50,=,0.63 ± 0.06,nM,Displacement of 125I-[Tyr⁴]BBN on PC-3 cell membranes,,,
CHAF00475,CC01617,IC50,=,49 ± 5 nM (with HSA),nM,High affinity for GRPR,,,
CHAF00476,CC00946,KD,=,10,nM,Binding to GRPR in PC-3 tumor sections using [125I-Tyr⁴]-BBN as tracer,,,
CHAF00477,CC00948,KI,=,8.64±2.16,nM,"High binding affinity for GRPR, moderate binding affinity for αvβ3 integrin in vitro",,,
CHAF00478,CC00949,KD,=,20,nM,Competitive binding assay with 125I-Tyr⁴-BN(1−14) as GRPR-specific radioligand in PC-3 cells,,,
CHAF00479,CC00950,Ki,=,1.60 ± 0.59,nM,Affinity for GRPR on T47D breast cancer cells,,,
CHAF00480,CC00950,Ki,=,4.87 ± 1.27,nM,"Affinity for GRPR on T47D breast cancer cells, significantly lower than that of Cu(II)/NOTA-PEG-BBN(6-14)",,,
CHAF00481,CC00951,KD,=,1.4±0.2,nM,"Determined by receptor autoradiography on human cancer samples (GRPR-expressing prostate carcinoma, NMBR-expressing ileal carcinoid, BB₃R-expressing bronchial carcinoid) against the universal radioligand 125I-[DTyr⁶, βAla¹¹, Phe¹³, Nle¹⁴]BBN(6-14)",,,
CHAF00482,CC00953,KD,=,0.32 ± 0.03,nM,"Affinity for GRPR, NMBR, and BB₃R determined by competition binding assays against [125I-Tyr⁴]BBN",,,
CHAF00483,CC01620,Ki,=,19.67 ± 1.17,nM,Competitive binding assay by displacement of 125I-Tyr⁴-bombesin on PC-3 cells,,,
CHAF00484,CC00954,Ki,=,0.5 ± 0.1,nM,Determined by in vitro GRPr autoradiography on cryostat sections of well-characterized prostate carcinomas using 125I-Tyr⁴-bombesin as radioligand,,,
CHAF00485,CC00955,Ki,=,2.1 ± 0.3,nM,Determined by in vitro GRPr autoradiography on cryostat sections of well-characterized prostate carcinomas using 125I-Tyr⁴-bombesin as radioligand,,,
CHAF00486,CC01621,Ki,=,1.5,um,Determined by measuring fluorescence intensity as BBN₇₋₁₄-FITC concentration increased to saturation in CFPAC-1 cells,,,
CHAF00487,CC01622,KI,=,18 ± 7,nM,"Binding affinity to GRPr, determined by in vitro GRPr autoradiography on cryostat sections of prostate carcinomas using 125I-Tyr⁴-bombesin",,,
CHAF00488,CC00956,IC50,=,5.39 ± 1.37,nM,Half-maximal inhibitory concentration in competitive displacement binding assays,,,
CHAF00489,CC00957,KI,=,10.61±4.55,nM,Affinity for GRPR determined with [125I−Tyr4]bombesin in T47D human breast cancer cell line,,,
CHAF00490,CC01623,KI,=,6.13±2.72,nM,Affinity for GRPR determined with [125I−Tyr4]bombesin in T47D human breast cancer cell line,,,
CHAF00491,CC00961,IC50,=,2.2±0.5,nM,IC50​ determined by competitive binding assay using 125I-[Tyr⁴]BBN as radioligand on PC-3 cells; Kd​ of 125I-[Tyr⁴]BBN against PC-3 cells estimated by saturation binding assay and Scatchard transformation,,,
CHAF00492,LIG00349,KI,=,1.05±0.4,nM,IC50 and Kᵢ determined in human bombesin 2 receptor; Kd determined in GRPR-expressing PC-3 tumor cells,,,
CHAF00493,CC01626,IC50,=,1.03,mM,IC50 values determined by XTT and Trypan Blue Exclusion Test for HYNIC-Q-Litorin in different cell lines,,,
CHAF00494,CC00964,IC50,=,3.5 ± 0.5,nM,The binding of 125I-Tyr4-bombesin to PC-3 cells ,,,
CHAF00495,CC00965,IC50,=,7.72,nM,Competition Binding Assay for GRPr on PC-3 cells,,,
CHAF00496,CC00965,IC50,=,3.33,nM,Competition Binding Assay for GRPr on AR42J cells,,,
CHAF00497,CC00965,IC50,=,25.4,nM,Competition Binding Assay for GRPr on LNCaP cells,,,
CHAF00498,CC00972,IC50,=,​​1.8 ± 0.4 ,"​

nM","In vitro competitive binding assays, using 125I‐Tyr4‐BBN as the radiolabelling gold standard, demonstrated IC50 values in the nanomolar range for all the new non‐metallated conjugates",,,
CHAF00499,CC00970,IC50,=,3.9 ± 0.4,"​

nM","In vitro competitive binding assays, using 125I‐Tyr4‐BBN as the radiolabelling gold standard, demonstrated IC50 values in the nanomolar range for all the new non‐metallated conjugates",,,
CHAF00500,CC00971,IC50,=,1.9 ± 0.3,"​

nM","In vitro competitive binding assays, using 125I‐Tyr4‐BBN as the radiolabelling gold standard, demonstrated IC50 values in the nanomolar range for all the new non‐metallated conjugates",,,
CHAF00501,CC00969,IC50,=,​1.3 ± 0.2,"​

nM","In vitro competitive binding assays, using 125I‐Tyr4‐BBN as the radiolabelling gold standard, demonstrated IC50 values in the nanomolar range for all the new non‐metallated conjugates",,,
CHAF00502,CC00977, IC50,=,17.0 ± 7.0,nM,Determined by in vitro receptor autoradiography on human prostate carcinoma sections for cold compound.,,,
CHAF00503,CC00977, IC50,=,8.6 ± 2.7,nM,Determined by in vitro receptor autoradiography on human prostate carcinoma sections for cold compound (natLu).,,,
CHAF00504,CC00978,IC50,=,18.0 ±6.4,nM,Determined by in vitro receptor autoradiography on human prostate carcinoma sections for cold compound.,,,
CHAF00505,CC00978,IC50,=,6.2 ± 0.6,nM,Determined by in vitro receptor autoradiography on human prostate carcinoma sections for cold compound (natLu).,,,
CHAF00506,CC00979,IC50,=,19.3 ± 1.1,nM,Determined by in vitro receptor autoradiography on human prostate carcinoma sections for cold compound.,,,
CHAF00507,CC00979,IC50,=,9.9 ± 2.9,nM,Determined by in vitro receptor autoradiography on human prostate carcinoma sections for cold compound (natLu).,,,
CHAF00508,CC00981,IC50,=,0.7,nM,Displacement of [125I-Tyr⁴]BBN from GRPR in PC-3 membranes,,,
CHAF00509,CC00982,IC50,=,0.72,nM,Displacement of [125I-Tyr⁴]BBN from GRPR in PC-3 membranes,,,
CHAF00510,CC00983,IC50,=,0.93,nM,Displacement of [125I-Tyr⁴]BBN from GRPR in PC-3 membranes,,,
CHAF00511,CC00984,IC50,=,0.26,nM,Displacement of [125I-Tyr⁴]BBN from GRPR in PC-3 membranes,,,
CHAF00512,CC00985,IC50,=,0.56,nM,Displacement of [125I-Tyr⁴]BBN from GRPR in PC-3 membranes,,,
CHAF00513,CC00986,IC50,=,6.76,nM," Value of the cold peptide, DOTA-sBBNA [12]",,,
CHAF00514,CC00987,IC50,=,2.22,nM,Competition binding assay in PC-3 cells,,,
CHAF00515,CC01628,IC50,=,4.67,nM,"Value for the unlabeled peptide, DOTA-gluBBN [1]",,,
CHAF00516,CC00989,IC50,=,3.9,µM,Displacement of 125I-Tyr⁴-BN on PC-3 cells,,,
CHAF00517,CC00990,IC50,=,0.0905,µM,Displacement of 125I-Tyr⁴-BN on PC-3 cells,,,
CHAF00518,CC00584,KD,=,0.98 ± 0.48,nM,Inhibition constant of ⁿᵃᵗCu/NOTA-PEG-RM26 against [125I]-Tyr⁴-BBN on PC3 cells,,,
CHAF00519,CC00991,KD,=,0.95± 0.21,nM,Inhibition constant of ⁿᵃᵗCu/NOTA-APCA-RM26 against [125I]-Tyr⁴-BBN on PC3 cells,,,
CHAF00520,CC00992,KD,=,17.97± 2.79,nM,Inhibition constant of ⁿᵃᵗCu/NOTA-AHDA-RM26 against [125I]-Tyr⁴-BBN on PC3 cells,,,
CHAF00521,CC00974,IC50,=,1.80 ± 0.67,nM,Competitive binding assay vs. 125I-[Tyr⁴]BBN on PC-3 cells,,,
CHAF00522,CC00994,IC50,=,2.05 ± 0.50,nM,Competitive binding assay vs. 125I-[Tyr⁴]BBN on PC-3 cells,,,
CHAF00523,CC00995,Ki,=,0.68 ± 0.19,nM,Competitive binding assay vs. [125I]-Tyr⁴-BBN on PC3 cells,,,
CHAF00524,CC00996,IC50,=,2.3,nM,Competitive binding assay vs. [125I]-Tyr⁴-BBN on PC-3 cells (from previous study),,,
CHAF00525,CC00997,Kᵢ,=,3.97 ± 0.76,nM,Binding affinity to GRPR on PC-3 cells,,,
CHAF00526,CC01636,IC50,=,0.60 ± 0.06 nM,nM,Affinity for hCXCR4,,,
CHAF00527,CC01728,EC50,=,0.522,nM,High affinity for human CD8 T cells,,,
CHAF00528,CC01729,KD,=,692,pM,Binding affinity of REGN5054 to  monomeric hCD8A.mmH protein determined by Surface Plasmon Resonance (SPR).,,,
CHAF00529,CC01729,KD,=,30.3,pM,Binding affinity of REGN5054 to for dimeric hCD8A.mFc protein determined by Surface Plasmon Resonance (SPR).,,,
CHAF00530,CC01735,KD,=,5.06 ± 0.75,nM,Binding affinity of CED8 to human CD8-Fc measured by SPR,,,
CHAF00531,CC01759,KD,=,4.6*10^^-10,M,High binding affinity to human CD8 protein and CD8+cells,,,
CHAF00532,CC01736,EC50,=,47.7–49.1,ng/mL,Binds to recombinant human CD8 Fc fusion protein.,,,
CHAF00533,CC01739,KD,=,0.39 ±0.05,nM,,,,
CHAF00534,CC01742,Ki,=,1.37,nM,Binding affinity to MC1R on B16F10 melanoma cells,,,
CHAF00535,LIG00827,KD,=,0.65,nM,The dissociation constant (KD) of IMB16 binding to CD30 was measured by Biolayer Interferometry (BLI).,,,
CHAF00536,LIG00833,KD,=,"3.3 ± 0.3 (for MSTO-211H cells), 5.9 ± 1.3 (for NCI-H226 cells)",nM,The apparent equilibrium dissociation constant (KDAPP) for chOI-3 binding to CD146 was determined by saturation binding experiments on mesothelioma cell lines using flow cytometry.,,,
CHAF00537,LIG00834,IC50,=,91.57,nM,The inhibitory concentration of 50% (IC50) for ABDB6 binding to TMD8 cells was determined by a competitive binding assay,,,
CHAF00538,LIG00837,KD,=,0.16,nM,The dissociation constant (KD) of PFCM01 binding to the c-Met protein was determined by bio-layer interferometry (BLI) analysis.,,,
CHAF00539,LIG00823,KD,=,3.06,nM,The dissociation constant (KD) of the peptides binding to the EphB4 receptor was determined by Surface Plasmon Resonance (SPR) analysis. Chelation of Cu2+ to DOTA-TNYL-RAW restored the high binding affinity.,,,
CHAF00540,CC01760,KD,=,23.3,nM,The dissociation constant (KD) of the peptides binding to the EphB4 receptor was determined by Surface Plasmon Resonance (SPR) analysis. Chelation of Cu2+ to DOTA-TNYL-RAW restored the high binding affinity.,,,
CHAF00541,CC01761,Binding activity,=,83.85,%,The binding activity of the DOTA-conjugated antibodies to the EphB4 receptor was evaluated through a bead-based binding assay with EphB4-alkaline phosphatase and expressed as a percentage of the binding activity of the unmodified antibody.,,,
CHAF00542,CC01762,Binding activity,=,76.25,%,The binding activity of the DOTA-conjugated antibodies to the EphB4 receptor was evaluated through a bead-based binding assay with EphB4-alkaline phosphatase and expressed as a percentage of the binding activity of the unmodified antibody.,,,
CHAF00543,CC01763,Binding activity,=,98.93,%,The binding activity of the DOTA-conjugated antibodies to the EphB4 receptor was evaluated through a bead-based binding assay with EphB4-alkaline phosphatase and expressed as a percentage of the binding activity of the unmodified antibody.,,,
CHAF00544,CC01764,Binding activity,=,82.09,%,The binding activity of the DOTA-conjugated antibodies to the EphB4 receptor was evaluated through a bead-based binding assay with EphB4-alkaline phosphatase and expressed as a percentage of the binding activity of the unmodified antibody.,,,
CHAF00545,LIG00844,Kd,=,13.1,nM,"The dissociation constant (Kd) of EPH-3 binding to EphA2 was determined to be 13.1 nM by surface plasmon resonance (SPR) experiments, indicating high affinity.",,,
CHAF00546,CC01768,Kd,=,20.4,nM,Surface plasmon resonance (SPR) analysis  in  AJ201 for mouse EphA2,,,
CHAF00547,CC01768,Kd,=,13.1,nM,Surface plasmon resonance (SPR) analysis  in AJ201 for human EphA2 - inferred from similar peptides in T.,,,
CHAF00548,LIG00845,Kd,=,9.43,nM,"The dissociation constant (Kd) of ETN binding to EphA2 was determined to be 9.43 nM by surface plasmon resonance (SPR) analysis, indicating high affinity. This is comparable to the parent compound BCY6164 (Kd = 5.59 nM).",,,
CHAF00549,CC01778,IC50,=,6.7,nM,"The interaction of the peptides with human uPAR was measured by surface plasmon resonance. The IC50 values for competing the uPA·uPAR interaction were 7.6±2.0 nM for AE105-NH2, 6.7±0.9 nM for DOTA-AE105-NH2, and 3.4±0.4 nM for NODAGA-AE105-NH2, indicating high affinity and that chelator conjugation did not reduce efficacy.",,,
CHAF00550,LIG00852,IC50,=,7.6,nM,"The interaction of the peptides with human uPAR was measured by surface plasmon resonance. The IC50 values for competing the uPA·uPAR interaction were 7.6±2.0 nM for AE105-NH2, 6.7±0.9 nM for DOTA-AE105-NH2, and 3.4±0.4 nM for NODAGA-AE105-NH2, indicating high affinity and that chelator conjugation did not reduce efficacy.",,,
CHAF00551,CC01779,IC50,=,3.4,nM,"The interaction of the peptides with human uPAR was measured by surface plasmon resonance. The IC50 values for competing the uPA·uPAR interaction were 7.6±2.0 nM for AE105-NH2, 6.7±0.9 nM for DOTA-AE105-NH2, and 3.4±0.4 nM for NODAGA-AE105-NH2, indicating high affinity and that chelator conjugation did not reduce efficacy.",,,
CHAF00552,LIG00853,IC50,=,6.99,nM,"The inhibition of the uPA-uPAR interaction was measured by Surface Plasmon Resonance. The IC50 values were in the low nM range, close to that of the unconjugated AE105-NH2 (IC50= 6.99 nM). Values for the conjugates were: NODAGA-AE105-NH2: 6.9±0.8 nM, NODAGA-AOC-AE105-NH2: 7.5±0.8 nM, NODAGA-PEG3-AE105-NH2: 20.46±1.6 nM, NODAGA-PEG8-AE105-NH2: 8.7±0.9 nM.",,,
CHAF00553,CC01785,IC50,=,7.5,nM,"The inhibition of the uPA-uPAR interaction was measured by Surface Plasmon Resonance. The IC50 values were in the low nM range, close to that of the unconjugated AE105-NH2 (IC50= 6.99 nM). Values for the conjugates were: NODAGA-AE105-NH2: 6.9±0.8 nM, NODAGA-AOC-AE105-NH2: 7.5±0.8 nM, NODAGA-PEG3-AE105-NH2: 20.46±1.6 nM, NODAGA-PEG8-AE105-NH2: 8.7±0.9 nM.",,,
CHAF00554,LIG00852,IC50,=,6.99,nM,"The inhibition of the uPA-uPAR interaction was measured by Surface Plasmon Resonance. The IC50 values were in the low nM range, close to that of the unconjugated AE105-NH2 (IC50= 6.99 nM). Values for the conjugates were: NODAGA-AE105-NH2: 6.9±0.8 nM, NODAGA-AOC-AE105-NH2: 7.5±0.8 nM, NODAGA-PEG3-AE105-NH2: 20.46±1.6 nM, NODAGA-PEG8-AE105-NH2: 8.7±0.9 nM.",,,
CHAF00555,CC01786,IC50,=,20.46,nM,"The inhibition of the uPA-uPAR interaction was measured by Surface Plasmon Resonance. The IC50 values were in the low nM range, close to that of the unconjugated AE105-NH2 (IC50= 6.99 nM). Values for the conjugates were: NODAGA-AE105-NH2: 6.9±0.8 nM, NODAGA-AOC-AE105-NH2: 7.5±0.8 nM, NODAGA-PEG3-AE105-NH2: 20.46±1.6 nM, NODAGA-PEG8-AE105-NH2: 8.7±0.9 nM.",,,
CHAF00556,LIG00852,IC50,=,6.99,nM,"The inhibition of the uPA-uPAR interaction was measured by Surface Plasmon Resonance. The IC50 values were in the low nM range, close to that of the unconjugated AE105-NH2 (IC50= 6.99 nM). Values for the conjugates were: NODAGA-AE105-NH2: 6.9±0.8 nM, NODAGA-AOC-AE105-NH2: 7.5±0.8 nM, NODAGA-PEG3-AE105-NH2: 20.46±1.6 nM, NODAGA-PEG8-AE105-NH2: 8.7±0.9 nM.",,,
CHAF00557,CC01787,IC50,=,8.7,nM,"The inhibition of the uPA-uPAR interaction was measured by Surface Plasmon Resonance. The IC50 values were in the low nM range, close to that of the unconjugated AE105-NH2 (IC50= 6.99 nM). Values for the conjugates were: NODAGA-AE105-NH2: 6.9±0.8 nM, NODAGA-AOC-AE105-NH2: 7.5±0.8 nM, NODAGA-PEG3-AE105-NH2: 20.46±1.6 nM, NODAGA-PEG8-AE105-NH2: 8.7±0.9 nM.",,,
CHAF00558,CC01835,Kd,=,0.1,nM,High-affinity binding to FR; cell uptake inhibited in FA-rich medium,,,
CHAF00559,CC01837,Kd,=,0.1,nM,High-affinity binding to FR; uptake blocked by excess folic acid,,,
CHAF00560,CC01838,Kd,=,0.1,nM,High-affinity binding to FR; uptake blocked by excess folic acid,,,
CHAF00561,CC01841,KD,=,5.61±0.96,nM,High-affinity binding to FR; excess folate blocks >85% cell-associated radioactivity,,,
CHAF00562,CC01846,KD,=,1.48,nM,Biolayer interferometry: Streptavidin-coated biosensors capture biotinylated CD38 extracellular domain; dip into 7 concentrations (2.5-50 nM) 2F8; transfer to buffer for dissociation; fit sensorgrams to 1:1 binding model,,,
CHAF00563,CC01847,KD,=,7.55±0.291,nM,"1. MST assay: purified CD38 protein labeled with NT647, peptide concentrations 0.0305 nM-1000 nM; 2. Cell binding assay: MM.1S-CBR-GFP-WT cells incubated with 300 nM tracer at 4 °C for 60 min",,,
CHAF00564,CC01853,KD,=,0.0826,nM,Surface plasmon resonance (SPR),,,
CHAF00565,LIG00894,KD,=,2.49*10^-8,M,SPR,,,
CHAF00566,CC00252,IC50,=,2,pM,,,,
CHAF00567,CC02142,Kd,=,93.8 ± 49.9,nM,"The binding interactions between the peptide ligands and recombinant GPC3 protein were assessed using MST with the Monolith NT.115 system (NanoTemper Technologies, Germany) and corresponding premium capillaries and reagents.42,43 Recombinant human GPC3 protein (Huazhi Tiancheng, Lanzhou, China) was used at a final concentration of 60 nM. To avoid potential artifacts caused by the metal chelate, the ligands tested were precursor peptides without radiometal complexation. Peptides were initially dissolved in DMSO, and to minimize signal fluctuations associated with excessively high ligand concentrations, the starting peptide concentration in the MST assay was set at 10 μM. From this concentration, serial two−fold dilutions were prepared down to 0.000305 μM.",,,
CHAF00568,CC02027,Kd,=,300.4 ± 151.9,nM,"The binding interactions between the peptide ligands and recombinant GPC3 protein were assessed using MST with the Monolith NT.115 system (NanoTemper Technologies, Germany) and corresponding premium capillaries and reagents.42,43 Recombinant human GPC3 protein (Huazhi Tiancheng, Lanzhou, China) was used at a final concentration of 60 nM. To avoid potential artifacts caused by the metal chelate, the ligands tested were precursor peptides without radiometal complexation. Peptides were initially dissolved in DMSO, and to minimize signal fluctuations associated with excessively high ligand concentrations, the starting peptide concentration in the MST assay was set at 10 μM. From this concentration, serial two−fold dilutions were prepared down to 0.000305 μM.",,,
CHAF00569,CC02028,EC50,=,4.27,nM,"For affinity determination of GGB02-F9 antibody via ELISA: First, dilute SEZ6 antigen and add it to microplate wells, incubate overnight at 4°C to immobilize the antigen. Discard unbound antigen, add buffer containing blocking agent (e.g., bovine serum albumin), and incubate at room temperature for 1-2 h to block non-specific binding sites on the carrier. Then, add serially diluted GGB02-F9 antibody solution, incubate at room temperature for 1-2 h to enable specific binding between the antibody and immobilized antigen. Wash the microplate repeatedly with PBS buffer containing Tween-20 to remove unbound free antibody. Next, add enzyme-labeled anti-human IgG secondary antibody (e.g., horseradish peroxidase-labeled) and incubate at room temperature for 30 min to 1 h for specific binding to GGB02-F9 bound to the antigen. Add substrate solution (e.g., TMB), incubate in the dark, and then add stop solution (e.g., sulfuric acid solution) to terminate the reaction. Finally, measure the absorbance (OD value) of each well at a specific wavelength (e.g., 450 nm) using a microplate reader.",,,
CHAF00570,CC02032,IC50,=,1.82,nM,"PI3K dysregulation drives tumorigenesis, but PI3K inhibitors have severe off-tumor toxicity. This study designed [⁶⁸Ga]Ga/[¹⁷⁷Lu]Lu-P1-4 based on IMM-H012. [¹⁷⁷Lu]Lu-P4 showed superior pharmacodynamic/pharmacokinetic profiles, suppressed subcutaneous melanoma growth safely, and synergized with IMM-H012 via downregulating fatty acid oxidase. It revitalizes PI3K inhibitors as a promising theranostic for multiple cancers.",,,
CHAF00571,CC02056,IC50,=,2.41 ± 0.59,,"Assay system: MC38-Nectin-4 cells expressing Nectin-4 as target cells, and [⁶⁸Ga]Ga-N188 as the standard radioligand known to bind Nectin-4.Incubation design: Co-incubate the standard radioligand with unlabeled ligands (INN1-4 or N188) at different concentrations (10⁻¹²~10⁻⁵ M) at 37℃ for 1 hour.Detection and calculation: Measure cell-bound radioactivity via a γ-counter, fit data with GraphPad Prism 9.5.0 software to calculate the half-maximal inhibitory concentration (IC50). A lower IC50 indicates stronger binding affinity of the ligand for Nectin-4",,,
CHAF00572,CC02072,Kd,=,1.16,uM,"Isothermal Titration Calorimetry (ITC) was employed. Annealed oligonucleotides were mixed with the peptide probe in a buffer containing 25 mM KH₂PO₄ and 60 mM KCl (pH 7.4), and the dissociation constant (K_D) values were obtained through thermodynamic parameter fitting.",,,
CHAF00573,CC02102,Kd,=,2.5,nM,"This study engineered anti-mesothelin (MSLN) 2A10-VH-Fc fusion proteins with GRLR (G236R/L328R) and LALAPG (L234A/L235A/P329G) Fc mutations to abrogate FcγR binding, addressing off-target accumulation in Fc-rich organs of wild-type (WT) VH-Fc. Purified mutants (>95% purity) retained high MSLN affinity (K_D 2.2–3.7 nM) and silenced FcγR binding. After ⁸⁹Zr radiolabeling, PET imaging and biodistribution were tested in multiple MSLN-positive xenograft mouse models (HCT116, A431-G9/H9, AsPC-1). [⁸⁹Zr]Zr-2A10-VH-Fc_LALAPG showed drastically higher tumor uptake (13.0±0.1%ID/g at 120 h p.i. in HCT116) vs WT (4.2±0.6%ID/g), and markedly reduced liver/spleen accumulation. Both mutants exhibited sex-specific renal retention (females > males), unrelated to stability. LALAPG outperformed GRLR in in vivo stability and intratumoral distribution. These findings validate Fc-engineered VH-Fc, especially LALAPG, as promising PET agents for MSLN-expressing tumors, highlighting sex consideration in preclinical research.",,,
CHAF00574,CC02106,Kd,=,63.2,nM,"The binding affinities of TPP-1 and NOTA-Asp₂-TPP-1 to human PD-L1 were quantified via Surface Plasmon Resonance (SPR). This technique measured the dissociation constant (K_D), a key affinity index. TPP-1 had a K_D of 63.2 nM and NOTA-Asp₂-TPP-1 59.4 nM, both showing high PD-L1 binding affinity, with the Asp₂ modification not impairing the binding capacity.",,,
CHAF00575,CC02107,Kd,=,2.23*10^−8,M,,,,
CHAF00576,CC02120,Kd,=,3.268,nM,,,,
CHAF00577,CC02143,IC50​,=,7.7,,,,,
CHAF00578,CC02132,Kd,=,0.3 ± 0.2,µM,,,,
CHAF00579,CC02132,Kd,=,0.3 ± 0.2,µM,"This study develops 177Lu/68Ga-labeled EphA2-targeting cyclic peptide CEMJ4 (high affinity, good stability). Combined with HPK1 inhibitor, it shows synergistic anti-tumor effects in B16F10 models by inhibiting tumor growth, reversing 177Lu-induced T cell suppression, and increasing tumor-infiltrating immune cells, highlighting potential for refractory cold tumor theranostics.",,,
